source,target,relationship,description,strength
吴承恩,西游记,作者与作品关系,吴承恩是《西游记》的作者，因此他们之间存在作者与作品的关系。,9.0
太宗,《西游记》,历史与现实关系,太宗作为历史人物，在《西游记》中可能以某种形式出现，体现了历史与现实的关系。,7.5
魏征,《西游记》,历史与现实关系,魏征作为历史人物，在《西游记》中可能以某种形式出现，体现了历史与现实的关系。,7.5
东胜神洲,《西游记》,地点与作品关系,东胜神洲是《西游记》中的地点，因此它们之间存在地点与作品的关系。,8.0
西牛贺洲,《西游记》,地点与作品关系,西牛贺洲是《西游记》中的地点，因此它们之间存在地点与作品的关系。,8.0
南赡部洲,《西游记》,地点与作品关系,南赡部洲是《西游记》中的地点，因此它们之间存在地点与作品的关系。,8.0
北俱芦洲,《西游记》,地点与作品关系,北俱芦洲是《西游记》中的地点，因此它们之间存在地点与作品的关系。,8.0
傲来国,《西游记》,地点与作品关系,傲来国是《西游记》中的地点，因此它们之间存在地点与作品的关系。,8.0
花果山,《西游记》,地点与作品关系,花果山是《西游记》中的地点，因此它们之间存在地点与作品的关系。,8.0
水帘洞,《西游记》,地点与作品关系,水帘洞是《西游记》中的地点，因此它们之间存在地点与作品的关系。,8.0
灵台方寸山,《西游记》,地点与作品关系,灵台方寸山是《西游记》中的地点，因此它们之间存在地点与作品的关系。,8.0
斜月三星洞,《西游记》,地点与作品关系,斜月三星洞是《西游记》中的地点，因此它们之间存在地点与作品的关系。,8.0
美猴王,孙悟空,前身关系,美猴王是孙悟空的前身，后来孙悟空成为了齐天大圣，继承了美猴王的能力和地位。,8.5
孙悟空,祖师,师徒关系,孙悟空是祖师的徒弟，祖师传授了孙悟空道法和长生之道。,8.0
孙悟空,菩提祖师,师徒关系,孙悟空是菩提祖师的徒弟，菩提祖师传授了孙悟空道法和长生之道。,8.0
孙悟空,混世魔王,对手关系,孙悟空在北下遇见了混世魔王，两人之间有战斗关系。,7.0
孙悟空,众仙,同门关系,孙悟空在菩提祖师门下与其他众仙一同修炼，他们之间有同门之谊。,6.5
孙悟空,大众,领袖关系,孙悟空是美猴王，是花果山众猴的领袖。,7.5
孙悟空,众猴,领袖关系,孙悟空是花果山众猴的领袖。,7.5
孙悟空,天罡数,修炼关系,孙悟空学习了天罡数，这是他七十二变变化中的三十六变。,6.0
孙悟空,地煞数,修炼关系,孙悟空学习了地煞数，这是他七十二变变化中的七十二变。,6.0
孙悟空,东海,出生地关系,孙悟空出生于东海，东海是他的家乡所在地。,7.0
孙悟空,西海,游历地关系,孙悟空曾游历过西海。,6.0
孙悟空,南海,游历地关系,孙悟空曾游历过南海。,6.0
孙悟空,北海,游历地关系,孙悟空曾游历过北海。,6.0
孙悟空,苍梧,游历地关系,孙悟空曾游历过苍梧。,6.0
孙悟空,直北下,遇见地关系,孙悟空在直北下遇见了混世魔王。,6.0
孙悟空,花果山,出生地关系,孙悟空出生于花果山，这是他的出生地和根据地。,7.0
孙悟空,水帘洞,洞府关系,水帘洞是孙悟空的洞府，位于花果山。,7.0
孙悟空,三星洞,修炼地关系,孙悟空在三星洞学习道法。,6.0
孙悟空,烂桃山,游历地关系,孙悟空曾游历过烂桃山，并在此地吃桃。,6.0
孙悟空,九幽之处,贬谪地关系,孙悟空如说出自己的师傅，就会被贬到九幽之处。,6.0
孙悟空,南赡部洲,游历地关系,孙悟空曾游历过南赡部洲。,6.0
孙悟空,西牛贺洲,游历地关系,孙悟空曾游历过西牛贺洲。,6.0
美猴王,混世魔王,敌对关系,美猴王荣归故里，自剿了混世魔王，因此他们之间存在敌对关系。,7.0
美猴王,赤尻马猴,朋友关系,美猴王与赤尻马猴是花果山的朋友，共同玩耍和操练武艺。,7.5
美猴王,通背猿猴,朋友关系,美猴王与通背猿猴是花果山的朋友，共同玩耍和操练武艺。,7.5
美猴王,敖广,求助关系,美猴王在花果山寻找兵器时，曾向东海龙王敖广求助。,6.5
美猴王,敖钦,求助关系,美猴王在花果山寻找兵器时，曾向南海龙王敖钦求助。,6.5
美猴王,敖顺,求助关系,美猴王在花果山寻找兵器时，曾向北海龙王敖顺求助。,6.5
美猴王,敖闰,求助关系,美猴王在花果山寻找兵器时，曾向西海龙王敖闰求助。,6.5
美猴王,十代冥王,冲突关系,美猴王挑战了阴间的十代冥王，因此他们之间存在冲突关系。,7.0
美猴王,地藏王菩萨,求助关系,美猴王曾向地藏王菩萨求助。,6.0
美猴王,玉皇大帝,挑战关系,美猴王挑战了天界的最高统治者玉皇大帝，因此他们之间存在挑战关系。,7.0
美猴王,太白金星,招安关系,美猴王被天界的仙人太白金星招安。,6.0
美猴王,邱弘济真人,报告关系,邱弘济真人向玉皇大帝报告了孙悟空的情况。,5.0
美猴王,葛仙翁天师,报告关系,葛仙翁天师向玉皇大帝报告了孙悟空的情况。,5.0
美猴王,文曲星官,撰写关系,文曲星官负责撰写招安圣旨。,5.0
美猴王,顺风耳,报告关系,顺风耳向玉皇大帝报告了孙悟空的情况。,5.0
美猴王,千里眼,报告关系,千里眼向玉皇大帝报告了孙悟空的情况。,5.0
美猴王,金鼓,地点关系,金鼓是花果山上的兵器库，美猴王在此处寻找兵器。,6.0
美猴王,水帘洞,居所关系,水帘洞是美猴王的居所。,8.0
美猴王,铁板桥,地点关系,铁板桥是花果山的一座桥。,6.0
美猴王,幽冥界,冲突关系,美猴王曾挑战幽冥界，因此他们之间存在冲突关系。,7.0
美猴王,灵霄宝殿,挑战关系,美猴王挑战了灵霄宝殿，因此他们之间存在挑战关系。,7.0
美猴王,东海,寻宝地点,美猴王在东海寻找兵器。,6.0
美猴王,南海,求助地点,美猴王在南海龙王那里求助。,6.0
美猴王,西海,求助地点,美猴王在西海龙王那里求助。,6.0
美猴王,北海,求助地点,美猴王在北海龙王那里求助。,6.0
美猴王,花果山,故乡关系,美猴王是花果山的美猴王，花果山是他的故乡。,8.0
美猴王,傲来国,寻宝地点,美猴王在傲来国寻找兵器。,6.0
齐天大圣,玉帝,管理关系,齐天大圣孙悟空被玉帝派去管理蟠桃园，说明两者之间存在管理关系。,7.5
大圣,王母娘娘,管理关系,大圣被王母娘娘安排管理蟠桃园，体现了两者之间的管理关系。,7.0
大圣,许旌阳真人,奏报关系,许旌阳真人向玉帝奏报大圣孙悟空的行为，说明两者之间存在奏报关系。,6.0
大圣,赤脚大仙,相遇关系,大圣在去赴蟠桃大会的路上遇到了赤脚大仙，说明两者之间存在相遇关系。,5.5
大圣,老君,偷丹关系,大圣在兜率天宫偷吃了老君的金丹，说明两者之间存在偷丹关系。,6.5
大圣,燃灯古佛,无关系,文本中没有提及大圣与燃灯古佛之间的具体关系。,2.0
大圣,四大天王,对战关系,大圣与四大天王在天宫外对战，说明两者之间存在对战关系。,7.0
大圣,李天王,对战关系,大圣与李天王在天宫外对战，说明两者之间存在对战关系。,7.0
大圣,哪吒太子,对战关系,大圣与哪吒太子在天宫外对战，说明两者之间存在对战关系。,7.0
大圣,花果山,故乡关系,大圣的故乡是花果山，说明两者之间存在故乡关系。,6.0
大圣,水帘洞,居所关系,大圣的居所是水帘洞，说明两者之间存在居所关系。,6.0
大圣,齐天府,任职关系,大圣被任命为齐天府的官职，说明两者之间存在任职关系。,6.0
大圣,十八架天罗地网,被捕捉关系,天兵布下十八架天罗地网来捕捉大圣，说明两者之间存在被捕捉关系。,5.5
玉帝,许旌阳真人,上下级关系,许旌阳真人向玉帝奏报，说明两者之间存在上下级关系。,5.0
玉帝,四大天王,命令关系,玉帝命令四大天王去捕捉大圣，说明两者之间存在命令关系。,6.0
玉帝,李天王,命令关系,玉帝命令李天王去捕捉大圣，说明两者之间存在命令关系。,6.0
玉帝,哪吒太子,命令关系,玉帝命令哪吒太子去捕捉大圣，说明两者之间存在命令关系。,6.0
王母娘娘,四大天王,命令关系,王母娘娘命令四大天王去摘桃，说明两者之间存在命令关系。,5.0
王母娘娘,李天王,命令关系,王母娘娘命令李天王去摘桃，说明两者之间存在命令关系。,5.0
王母娘娘,哪吒太子,命令关系,王母娘娘命令哪吒太子去摘桃，说明两者之间存在命令关系。,5.0
许旌阳真人,玉帝,奏报关系,许旌阳真人向玉帝奏报，说明两者之间存在奏报关系。,5.0
许旌阳真人,四大天王,无关系,文本中没有提及许旌阳真人与四大天王之间的具体关系。,2.0
许旌阳真人,李天王,无关系,文本中没有提及许旌阳真人与李天王之间的具体关系。,2.0
许旌阳真人,哪吒太子,无关系,文本中没有提及许旌阳真人与哪吒太子之间的具体关系。,2.0
观音菩萨,惠岸行者,师徒关系,观音菩萨是大徒弟惠岸行者的师傅，二者之间存在明确的师徒关系。,8.5
玉帝,李天王,君臣关系,李天王是玉帝的部下，二者之间存在君臣关系。,8.0
玉帝,二郎真君,君臣关系,二郎真君是玉帝的外甥，也是其部下，二者之间存在君臣关系。,7.5
李天王,哪吒太子,父子关系,李天王是哪吒太子的父亲，二者之间存在父子关系。,8.0
二郎真君,梅山六兄弟,兄弟关系,梅山六兄弟是二郎真君的兄弟，二者之间存在兄弟关系。,7.0
玉帝,大力鬼王,君臣关系,大力鬼王是玉帝的部下，二者之间存在君臣关系。,7.5
李天王,木叉,父子关系,木叉是李天王的大太子，二者之间存在父子关系。,7.0
玉帝,长庚星,君臣关系,长庚星是玉帝的部下，二者之间存在君臣关系。,6.5
李天王,虚日鼠,上下级关系,虚日鼠是李天王的部下，二者之间存在上下级关系。,6.0
李天王,昴日鸡,上下级关系,昴日鸡是李天王的部下，二者之间存在上下级关系。,6.0
李天王,星日马,上下级关系,星日马是李天王的部下，二者之间存在上下级关系。,6.0
李天王,房日兔,上下级关系,房日兔是李天王的部下，二者之间存在上下级关系。,6.0
李天王,马流元帅,上下级关系,马流元帅是李天王的部下，二者之间存在上下级关系。,6.0
李天王,崩巴二将,上下级关系,崩巴二将是李天王的部下，二者之间存在上下级关系。,6.0
二郎真君,康、张、姚、李四太尉,兄弟关系,康、张、姚、李四太尉是二郎真君的兄弟，二者之间存在兄弟关系。,6.5
二郎真君,郭申、直健二将军,兄弟关系,郭申、直健二将军是二郎真君的兄弟，二者之间存在兄弟关系。,6.5
玉帝,李虎,君臣关系,李虎是玉帝的部下，二者之间存在君臣关系。,6.0
玉帝,张龙,君臣关系,张龙是玉帝的部下，二者之间存在君臣关系。,6.0
玉帝,赵甲,君臣关系,赵甲是玉帝的部下，二者之间存在君臣关系。,6.0
玉帝,钱丙,君臣关系,钱丙是玉帝的部下，二者之间存在君臣关系。,6.0
二郎真君,青鹞,上下级关系,青鹞是二郎真君的部下，二者之间存在上下级关系。,5.5
二郎真君,鹭鸶,上下级关系,鹭鸶是二郎真君的部下，二者之间存在上下级关系。,5.5
二郎真君,老鹳,上下级关系,老鹳是二郎真君的部下，二者之间存在上下级关系。,5.5
二郎真君,花鸨,上下级关系,花鸨是二郎真君的部下，二者之间存在上下级关系。,5.5
二郎真君,土地庙,守护关系,土地庙是二郎真君守护的地方，二者之间存在守护关系。,7.0
二郎真君,灌江口,居住地关系,灌江口是二郎真君的居住地，二者之间存在居住地关系。,7.0
孙悟空,花果山,出生地关系,孙悟空出生在花果山，二者之间存在出生地关系。,7.0
玉帝,南天门,管辖关系,南天门是玉帝管辖的地方，二者之间存在管辖关系。,7.0
玉帝,斩妖台,处决地关系,斩妖台是玉帝用于处决妖魔的地方，二者之间存在处决地关系。,6.5
我佛,观音,宗教信仰关系,我佛是佛教的创始人，观音是佛教菩萨，因此他们之间是宗教信仰上的关系。,9.0
我佛,如来,宗教信仰关系,我佛与如来都是佛教的创始人，他们之间是宗教信仰上的关系。,9.0
太宗,魏征,君臣关系,太宗与魏征在历史上是君臣关系，太宗对魏征的评价非常高，因此认为他们之间存在紧密的君臣关系。,8.5
玉帝,二郎神,神祇关系,玉帝是天庭之主，二郎神是道教神祇，因此他们之间是神祇关系。,8.0
如来,观音菩萨,宗教信仰关系,如来是佛教创始人，观音菩萨是佛教菩萨，他们之间是宗教信仰上的关系。,9.0
如来,金蝉长老,宗教信仰关系,如来是佛教创始人，金蝉长老是指释迦牟尼佛的前身，因此他们之间是宗教信仰上的关系。,8.5
观音菩萨,沙悟净,师徒关系,观音菩萨是沙悟净的师傅，他们之间是师徒关系。,8.0
观音菩萨,猪悟能,师徒关系,观音菩萨是猪悟能的师傅，他们之间是师徒关系。,8.0
观音菩萨,小龙,师徒关系,观音菩萨是小龙的师傅，他们之间是师徒关系。,8.0
如来,大圣,宗教信仰关系,如来是佛教创始人，大圣是指孙悟空，孙悟空是佛教故事中的人物，因此他们之间是宗教信仰上的关系。,8.5
如来,唐僧,宗教信仰关系,如来是佛教创始人，唐僧是佛教故事中的人物，因此他们之间是宗教信仰上的关系。,8.0
长安,灵山,宗教圣地关系,长安是唐朝都城，灵山是佛教四大圣地之一，因此它们之间存在宗教圣地关系。,7.0
落伽山,紫竹林,宗教圣地关系,落伽山和紫竹林都是佛教四大圣地之一，因此它们之间存在宗教圣地关系。,7.0
西天,东土,佛教地理关系,西天是佛教所指的西方极乐世界，东土是佛教所指的东方世界，因此它们之间存在佛教地理关系。,7.0
五行山,流沙河,佛教故事关系,五行山和流沙河都是佛教故事中的地点，因此它们之间存在佛教故事关系。,7.0
福陵山,云栈洞,佛教故事关系,福陵山和云栈洞都是佛教故事中的地点，因此它们之间存在佛教故事关系。,7.0
深涧,长安城,佛教故事关系,深涧和小龙被观音菩萨送到的深涧都是佛教故事中的地点，长安城是唐朝都城，因此它们之间存在佛教故事关系。,7.0
大市街,土地庙祠,佛教故事关系,大市街和土地庙祠都是佛教故事中的地点，因此它们之间存在佛教故事关系。,7.0
城隍庙,长安城,佛教故事关系,城隍庙和长安城都是佛教故事中的地点，因此它们之间存在佛教故事关系。,7.0
唐太宗,唐三藏,君臣关系,唐太宗李世民是唐朝的皇帝，唐三藏是奉唐太宗之命前往西天取经的僧人，因此他们之间存在君臣关系。,8.5
唐三藏,孙悟空,师徒关系,唐三藏是唐僧，孙悟空是他的徒弟，两人一起西天取经，因此存在师徒关系。,9.0
孙悟空,如来佛祖,压制与被压制关系,孙悟空曾大闹天宫，被如来佛祖压制于五行山下，因此存在压制与被压制的关系。,8.0
唐三藏,观音菩萨,求助与被求助关系,唐三藏前往西天取经，在途中遇到困难时，观音菩萨曾帮助他，因此存在求助与被求助的关系。,7.5
孙悟空,水晶宫,相遇与告别关系,孙悟空在去西天取经的路上，曾到水晶宫拜访龙王，因此存在相遇与告别的关系。,6.5
孙悟空,圯桥,故事发生地,孙悟空的故事中，圯桥是黄石公和张良的故事发生地，与孙悟空的故事有间接联系。,5.0
"['孙行者', '孙悟空']",['观音院'],故事发生地,孙行者和孙悟空在观音院发生了一系列故事，观音院是故事的主要发生地之一。,8.0
"['孙行者', '孙悟空']",['黑风山'],故事发生地,孙行者和孙悟空在黑风山展开了一系列战斗和冒险，黑风山是故事的主要发生地之一。,7.5
"['孙行者', '孙悟空']",['黑风洞'],故事发生地,孙行者和孙悟空在黑风洞与黑熊精交战，黑风洞是故事的重要地点之一。,7.0
['三藏'],['观音院'],故事发生地,唐僧三藏在观音院暂住，是故事的重要地点之一。,6.5
['黑汉'],['黑风山'],居住地,黑熊精黑汉居住在黑风山上，黑风山是他的居住地。,7.0
['白衣秀士'],['黑风山'],故事发生地,白衣秀士在黑风山上与黑汉和道人一起讨论修炼之道，黑风山是故事发生地。,6.5
['道人'],['黑风山'],故事发生地,道人在黑风山与黑汉和白衣秀士一起讨论修炼之道，黑风山是故事发生地。,6.5
['凌虚子'],['黑风洞'],故事发生地,凌虚子是观音菩萨变化而成的道人，他前往黑风洞与黑熊精交涉，黑风洞是故事发生地。,6.0
['诸天'],['南海'],故事发生地,诸天神灵在南海迎接观音菩萨，南海是故事发生地之一。,6.0
['菩萨'],['南海'],故事发生地,观音菩萨在南海接受孙行者的求助，南海是故事发生地之一。,6.5
['黑熊精'],['黑风洞'],居住地,黑熊精居住在黑风洞，黑风洞是他的居所。,7.0
['小妖'],['黑风洞'],居住地,小妖居住在黑风洞，为黑熊精效力，黑风洞是他们的居住地。,6.0
['猴子'],['花果山'],居住地,猴子孙悟空居住在花果山，是孙悟空的故乡。,6.0
['唐王'],['长安'],出生地,唐王李世民出生在长安，长安是他的出生地。,5.5
['妖怪'],['黑风山'],故事发生地,故事中的妖怪大多居住在黑风山，黑风山是妖怪的聚集地。,6.0
['神仙'],['天宫'],故事发生地,神仙大多居住在天宫，天宫是神仙的居所。,5.5
['佛祖'],['佛祖殿'],故事发生地,佛祖释迦牟尼居住在佛祖殿，佛祖殿是佛祖的居所。,5.5
['罗汉'],['寺庙'],故事发生地,罗汉在寺庙中修行，寺庙是罗汉的修行地。,5.5
观音院,高老庄,所属关系,观音院是唐僧脱难的地方，而高老庄位于观音院附近，因此观音院与高老庄之间存在所属关系。,7.0
黑风洞,行者,行动目的地,行者进入黑风洞，因此黑风洞是行者的行动目的地。,6.5
乌斯藏国界,高才,所在地点,高才所在的地方是乌斯藏国界，因此乌斯藏国界与高才之间存在所在地点的关系。,6.0
高老庄,高老道,所属关系,高老道是高老庄的庄主，因此高老庄与高老道之间存在所属关系。,7.5
福陵山云栈洞,猪刚鬣,所在地点,猪刚鬣的家位于福陵山云栈洞，因此福陵山云栈洞与猪刚鬣之间存在所在地点的关系。,6.5
斗牛宫,行者,提及地点,行者提到斗牛宫，但未表明具体行动，因此斗牛宫与行者之间存在提及地点的关系。,5.0
枉死狱,行者,提及地点,行者提到枉死狱，但未表明具体行动，因此枉死狱与行者之间存在提及地点的关系。,5.0
太宗,魏征,君臣关系,太宗是唐朝皇帝，魏征是唐朝政治家，他们之间存在君臣关系。,8.0
唐僧,悟空,师徒关系,唐僧是悟空的师傅，他们之间存在师徒关系。,9.0
菩萨,悟空,求助对象,悟空向菩萨求助降妖，因此菩萨是悟空的求助对象。,7.0
三藏,唐僧,法号对应,三藏是唐僧的法号，因此三藏与唐僧之间存在法号对应的关系。,8.0
高才,高老庄,所属关系,高才是高老庄的家人，因此高老庄与高才之间存在所属关系。,7.0
翠兰,高老庄,所属关系,翠兰是高老庄的女子，因此高老庄与翠兰之间存在所属关系。,7.0
猪刚鬣,高老庄,所在地点,猪刚鬣被描述为在高的女儿翠兰家，因此高老庄与猪刚鬣之间存在所在地点的关系。,6.5
太宗,魏征,君臣关系,太宗与魏征在便殿对弈，体现了君臣关系，且太宗对魏征的评价非常高，因此认为他们之间存在紧密的君臣关系。,8.5
悟空,八戒,师兄弟关系,悟空和八戒都是唐僧的徒弟，他们一起保护唐僧西天取经，因此他们之间是师兄弟关系。,8.0
悟空,三藏,师徒关系,悟空是唐僧的大徒弟，他们一起西天取经，所以存在师徒关系。,8.0
八戒,三藏,师徒关系,八戒是唐僧的二徒弟，他们一起西天取经，因此存在师徒关系。,8.0
悟空,云栈洞,居住地关系,悟空在云栈洞与妖怪斗法，因此云栈洞是悟空的居住地之一。,7.5
八戒,高老庄,居住地关系,八戒曾娶高老庄的女子为妻，因此高老庄是八戒的居住地。,7.0
悟空,浮屠山,路过地关系,悟空在取经途中经过浮屠山，乌巢禅师在那里传授唐僧《多心经》。,6.5
三藏,灵霄殿,拜访地关系,三藏在取经途中曾到灵霄殿，向玉皇大帝请教取经事宜。,6.0
嫦娥,广寒宫,居住地关系,嫦娥住在广寒宫，这是她的居所。,7.0
王母,蟠桃会,举办地关系,王母在蟠桃会举办宴会，招待各路神仙。,6.5
李金星,天宫,居住地关系,李金星是天宫中的神仙，因此天宫是他的居住地。,6.0
玉皇,天宫,居住地关系,玉皇是天宫的最高统治者，因此天宫是他的居所。,6.0
乌巢禅师,浮屠山,居住地关系,乌巢禅师在浮屠山上修行，因此浮屠山是他的居住地。,7.0
三藏法师,大唐,出生地关系,三藏法师即唐僧，出生于大唐，因此大唐是他的出生地。,6.0
菩萨,佛门,修行地关系,菩萨在佛门修行，因此佛门是他们的修行地。,7.0
二郎神,天宫,居住地关系,二郎神是天宫的神仙，因此天宫是他的居住地。,6.0
太上老君,炼丹炉,炼丹地关系,太上老君在炼丹炉中炼制丹药，因此炼丹炉是他的炼丹地。,6.0
观音菩萨,南海,修行地关系,观音菩萨在南海修行，因此南海是她的修行地。,7.0
唐僧,孙悟空,师徒关系,唐僧是孙悟空的师傅，两人一同西天取经，体现了深厚的师徒关系。,8.5
唐僧,猪八戒,师徒关系,唐僧是猪八戒的师傅，两人一同西天取经，体现了师徒间的紧密联系。,8.0
唐僧,沙僧,师徒关系,唐僧是沙僧的师傅，两人一同西天取经，显示了他们之间牢固的师徒关系。,7.5
孙悟空,猪八戒,同伴关系,孙悟空和猪八戒都是唐僧的徒弟，一同西天取经，彼此间有深厚的同伴关系。,7.0
孙悟空,沙僧,同伴关系,孙悟空和沙僧都是唐僧的徒弟，一同西天取经，他们之间是同伴关系。,6.5
猪八戒,沙僧,同伴关系,猪八戒和沙僧都是唐僧的徒弟，一同西天取经，显示了他们之间同伴关系的紧密。,6.0
唐僧,黄风大王,敌人关系,唐僧与黄风大王是敌对关系，因为黄风大王想要吃掉唐僧。,8.0
孙悟空,虎先锋,敌人关系,孙悟空与虎先锋是敌对关系，因为虎先锋是黄风大王的手下，曾捉拿唐僧。,7.5
猪八戒,虎先锋,敌人关系,猪八戒与虎先锋是敌对关系，因为虎先锋曾捉拿唐僧。,7.0
孙悟空,黄风大王,敌人关系,孙悟空与黄风大王是敌对关系，因为黄风大王想要吃掉唐僧。,7.5
猪八戒,黄风大王,敌人关系,猪八戒与黄风大王是敌对关系，因为黄风大王想要吃掉唐僧。,7.0
沙僧,黄风大王,敌人关系,沙僧与黄风大王是敌对关系，因为黄风大王想要吃掉唐僧。,6.5
唐僧,雷音寺,目的地关系,唐僧的目标是前往雷音寺取经，雷音寺是他们的目的地。,8.0
唐僧,黄风岭,经过地点关系,唐僧在取经路上经过黄风岭，黄风岭是他们的经过地点。,7.0
唐僧,黄风洞,遭遇地点关系,唐僧在取经途中遭遇黄风洞，黄风洞是他们的遭遇地点。,7.5
唐僧,藏风山凹,交战地点关系,唐僧与虎先锋在藏风山凹交战，藏风山凹是他们的交战地点。,6.5
唐僧,东土大唐,出发地关系,唐僧从东土大唐出发去西天取经，东土大唐是他们的出发地。,8.0
唐僧,西天,目的地关系,唐僧前往西天取经，西天是他们的目的地。,8.0
唐僧,孙悟空,师徒关系,唐僧是唐僧师徒四人中的师傅，孙悟空是唐僧的大徒弟，他们一起取经，所以存在师徒关系。,8.5
唐僧,猪八戒,师徒关系,唐僧是唐僧师徒四人中的师傅，猪八戒是唐僧的二徒弟，他们一起取经，所以存在师徒关系。,8.5
唐僧,沙悟净,师徒关系,唐僧是唐僧师徒四人中的师傅，沙悟净是唐僧的三徒弟，他们一起取经，所以存在师徒关系。,8.5
孙悟空,猪八戒,师兄弟关系,孙悟空和猪八戒都是唐僧的徒弟，他们之间是师兄弟关系。,7.0
孙悟空,沙悟净,师兄弟关系,孙悟空和沙悟净都是唐僧的徒弟，他们之间是师兄弟关系。,7.0
猪八戒,沙悟净,师兄弟关系,猪八戒和沙悟净都是唐僧的徒弟，他们之间是师兄弟关系。,7.0
唐僧,流沙河,取经路上的障碍,唐僧师徒在取经途中遇到流沙河，需要克服这个障碍才能继续前行。,6.5
唐僧,八百里流沙界,取经路上的障碍,八百里流沙界是流沙河的别称，也是唐僧师徒取经路上的一个障碍。,6.5
孙悟空,灵霄殿,天宫中的宫殿,孙悟空曾经在天宫中生活，灵霄殿是天宫中的宫殿之一。,5.0
观音菩萨,紫竹林,观音菩萨的居所,观音菩萨在紫竹林修行，紫竹林是观音菩萨的居所。,5.0
孙悟空,南海,观音菩萨的道场所在地,孙悟空曾去南海找观音菩萨求助，南海是观音菩萨的道场所在地。,5.0
孙悟空,潮音洞,观音菩萨修行的地方,孙悟空曾到潮音洞找观音菩萨，潮音洞是观音菩萨修行的地方。,5.0
沙悟净,东洋海,沙悟净的故乡,沙悟净原是卷帘大将，东洋海是其故乡。,5.0
唐僧,悟空,师徒关系,唐僧是取经人，孙悟空是他的大徒弟，他们之间是师徒关系，共同经历了取经路上的种种困难。,8.5
唐僧,八戒,师徒关系,唐僧是取经人，猪八戒是他的二徒弟，他们之间是师徒关系，共同经历了取经路上的种种困难。,8.5
唐僧,沙僧,师徒关系,唐僧是取经人，沙悟净是他的三徒弟，他们之间是师徒关系，共同经历了取经路上的种种困难。,8.5
悟空,八戒,兄弟关系,孙悟空和猪八戒都是唐僧的徒弟，因此他们是兄弟关系。,7.5
悟空,沙僧,兄弟关系,孙悟空和沙悟净都是唐僧的徒弟，因此他们是兄弟关系。,7.5
八戒,沙僧,兄弟关系,猪八戒和沙悟净都是唐僧的徒弟，因此他们是兄弟关系。,7.5
镇元子,清风,师徒关系,镇元子是五庄观观主，清风是他的徒弟之一，他们之间是师徒关系。,8.0
镇元子,明月,师徒关系,镇元子是五庄观观主，明月是他的徒弟之一，他们之间是师徒关系。,8.0
唐僧,镇元子,故人关系,镇元子与唐僧在兰盆会上相识，所以他们之间是故人关系。,7.0
元始天尊,镇元子,宗教领袖与信徒关系,元始天尊是道教最高神祇之一，镇元子是他的信徒，他们之间是宗教领袖与信徒的关系。,7.0
佛祖,唐僧,宗教领袖与信徒关系,佛祖是西方极乐世界的教主，唐僧是他的信徒，他们之间是宗教领袖与信徒的关系。,7.0
土地,花园,管理者与被管理者关系,土地是花园的管理者，花园是被管理者。,6.5
土地,菜园,管理者与被管理者关系,土地是菜园的管理者，菜园是被管理者。,6.5
唐僧,太宗,师徒关系,唐僧是奉唐太宗之命前往西天取经的，因此太宗是唐僧的师傅，他们之间存在师徒关系。,8.5
大圣,唐僧,师徒关系,孙悟空是唐僧的大徒弟，他们一起西天取经，因此存在师徒关系。,8.0
猪八戒,唐僧,师徒关系,猪八戒是唐僧的二徒弟，他们一起西天取经，因此存在师徒关系。,8.0
沙和尚,唐僧,师徒关系,沙和尚是唐僧的三徒弟，他们一起西天取经，因此存在师徒关系。,8.0
大圣,花果山,故乡关系,孙悟空是花果山的美猴王，花果山是他的故乡，因此存在故乡关系。,8.0
二郎神,花果山,破坏关系,二郎神曾放火烧毁花果山，因此与花果山存在破坏关系。,7.5
梅山七弟兄,花果山,破坏关系,梅山七弟兄与二郎神一同放火烧毁花果山，因此与花果山存在破坏关系。,7.0
马流二元帅,花果山,居住关系,马流二元帅是花果山猴群中的将领，因此与花果山存在居住关系。,7.0
奔芭二将军,花果山,居住关系,奔芭二将军是花果山猴群中的将领，因此与花果山存在居住关系。,7.0
黄袍老怪,碗子山波月洞,居住关系,黄袍老怪住在碗子山波月洞，因此与碗子山波月洞存在居住关系。,8.0
小妖,碗子山波月洞,居住关系,小妖是黄袍老怪的部下，住在碗子山波月洞，因此与碗子山波月洞存在居住关系。,7.0
东洋大海,大圣,穿越关系,孙悟空跳过了东洋大海，因此与东洋大海存在穿越关系。,7.0
黑松林,花果山,邻近关系,黑松林位于花果山附近，因此与花果山存在邻近关系。,7.0
塔,白虎岭,地点关系,塔位于白虎岭，因此与白虎岭存在地点关系。,7.0
['太宗'],['唐太宗李世民'],皇帝与人物,太宗是唐太宗李世民，而唐太宗李世民是唐朝的第二位皇帝，这是一个皇帝与他的名字的对应关系。,9.0
['魏征'],['魏征'],人物与人物,魏征是唐朝政治家、军事家、文学家，与他自己的名字相对应。,9.0
['八戒'],['猪八戒'],人物与人物,八戒是猪八戒的别称，两者指代同一人物。,9.0
['沙僧'],['沙僧'],人物与人物,沙僧是沙僧的别称，两者指代同一人物。,9.0
['唐僧'],['唐僧'],人物与人物,唐僧是唐僧的别称，两者指代同一人物。,9.0
['公主'],['百花羞'],人物与人物,公主是指百花羞，百花羞是公主的名字。,9.0
['黄袍怪'],['黄袍怪'],人物与人物,黄袍怪是黄袍怪的名字，两者指代同一人物。,9.0
['国王'],['宝象国的国王'],人物与人物,国王指的是宝象国的国王，两者指代同一人物。,9.0
['唐天子'],['唐太宗李世民'],皇帝与人物,唐天子是唐朝皇帝的称呼，而唐太宗李世民是唐朝的第二位皇帝，这是一个皇帝与他的名字的对应关系。,8.5
['金甲神人'],['金甲神人'],人物与人物,金甲神人是金甲神人的名字，两者指代同一人物。,9.0
['镇殿将军'],['镇殿将军'],人物与人物,镇殿将军是镇殿将军的名字，两者指代同一人物。,9.0
['文武多官'],['宝象国的文武官员'],人物与人物,文武多官指的是宝象国的文武官员，两者指代同一群体。,8.5
['两班文武'],['宝象国的文武百官'],人物与人物,两班文武指的是宝象国的文武百官，两者指代同一群体。,8.5
['公主母后'],['宝象国的公主和母后'],人物与人物,公主母后指的是宝象国的公主和她的母后，两者指代同一家族成员。,8.0
['沙僧悟净'],['沙僧'],人物与人物,沙僧悟净是沙僧的别称，两者指代同一人物。,9.0
['八戒悟能'],['猪八戒'],人物与人物,八戒悟能是猪八戒的别称，两者指代同一人物。,9.0
['唐僧玄奘'],['唐僧'],人物与人物,唐僧玄奘是唐僧的别称，两者指代同一人物。,9.0
['唐太宗李世民'],['唐太宗李世民'],人物与人物,唐太宗李世民是唐太宗李世民的名字，两者指代同一人物。,9.0
['百花羞公主'],['百花羞'],人物与人物,百花羞公主是百花羞的别称，两者指代同一人物。,9.0
['黄袍怪魔王'],['黄袍怪'],人物与人物,黄袍怪魔王是黄袍怪的别称，两者指代同一人物。,9.0
['宝象国'],['宝象国'],地点与地点,宝象国是宝象国的名字，两者指代同一地点。,9.0
['碗子山波月洞'],['碗子山波月洞'],地点与地点,碗子山波月洞是碗子山波月洞的名字，两者指代同一地点。,9.0
['灵山'],['灵山'],地点与地点,灵山是灵山的名字，两者指代同一地点。,9.0
['长安城'],['长安城'],地点与地点,长安城是长安城的名字，两者指代同一地点。,9.0
['皇宫'],['皇宫'],地点与地点,皇宫是皇宫的名字，两者指代同一地点。,9.0
['金銮殿'],['金銮殿'],地点与地点,金銮殿是金銮殿的名字，两者指代同一地点。,9.0
['宝象国皇宫'],['宝象国皇宫'],地点与地点,宝象国皇宫是宝象国皇宫的名字，两者指代同一地点。,9.0
['碗子山'],['碗子山'],地点与地点,碗子山是碗子山的名字，两者指代同一地点。,9.0
['灵山圣地'],['灵山圣地'],地点与地点,灵山圣地是灵山圣地的名字，两者指代同一地点。,9.0
唐僧,孙行者,师徒关系,唐僧和孙行者是西天取经路上的师徒，共同面对各种困难和妖魔，体现了深厚的师徒关系。,8.0
唐僧,猪八戒,师徒关系,唐僧和猪八戒是西天取经路上的师徒，共同面对各种困难和妖魔，体现了深厚的师徒关系。,8.0
唐僧,沙和尚,师徒关系,唐僧和沙和尚是西天取经路上的师徒，共同面对各种困难和妖魔，体现了深厚的师徒关系。,8.0
唐僧,金角大王,敌人关系,金角大王是莲花洞的妖怪，意图吃掉唐僧，因此与唐僧是敌对关系。,7.5
唐僧,银角大王,敌人关系,银角大王是莲花洞的妖怪，意图吃掉唐僧，因此与唐僧是敌对关系。,7.5
孙行者,金角大王,敌人关系,孙行者和金角大王是敌对关系，因为金角大王想要吃掉唐僧，孙行者作为唐僧的大徒弟，必须保护师父。,7.0
孙行者,银角大王,敌人关系,孙行者和银角大王是敌对关系，因为银角大王想要吃掉唐僧，孙行者作为唐僧的大徒弟，必须保护师父。,7.0
猪八戒,金角大王,敌人关系,猪八戒和金角大王是敌对关系，因为金角大王想要吃掉唐僧，猪八戒作为唐僧的二徒弟，也必须保护师父。,6.5
猪八戒,银角大王,敌人关系,猪八戒和银角大王是敌对关系，因为银角大王想要吃掉唐僧，猪八戒作为唐僧的二徒弟，也必须保护师父。,6.5
沙和尚,金角大王,敌人关系,沙和尚和金角大王是敌对关系，因为金角大王想要吃掉唐僧，沙和尚作为唐僧的三徒弟，也必须保护师父。,6.5
沙和尚,银角大王,敌人关系,沙和尚和银角大王是敌对关系，因为银角大王想要吃掉唐僧，沙和尚作为唐僧的三徒弟，也必须保护师父。,6.5
孙行者,乌巢和尚,传授关系,乌巢和尚曾经向孙悟空传授《心经》，因此孙行者和乌巢和尚之间存在传授关系。,7.0
太宗,魏征,君臣关系,太宗和魏征是君臣关系，太宗作为皇帝，魏征作为政治家、军事家、文学家，对太宗有很高的评价。,8.0
唐僧,宝象国,经过地点,唐僧一行人曾经经过宝象国，宝象国是故事中的一个国家。,6.0
唐僧,莲花洞,经过地点,唐僧一行人曾经经过莲花洞，莲花洞是故事中的一个山洞。,6.0
唐僧,长安,出发地点,唐僧一行人从长安出发去西天取经，长安是唐朝的都城。,7.0
唐僧,舍利国,目的地,唐僧的目的是前往舍利国拜佛，舍利国是故事中的一个国家。,7.0
唐僧,平顶山,经过地点,唐僧一行人曾经经过平顶山，平顶山是故事中的一个山。,6.0
唐僧,日值功曹,遇见人物,唐僧一行人遇见了日值功曹，日值功曹负责传递消息。,6.0
唐僧,高老庄,遇见地点,唐僧一行人曾经经过高老庄，高老庄是猪八戒的原籍。,6.0
唐僧,流沙河,遇见地点,唐僧一行人曾经经过流沙河，流沙河是沙僧的家乡。,6.0
金角大王,银角大王,兄弟关系,金角大王和银角大王是莲花洞的妖怪，他们是兄弟关系。,7.0
小怪,莲花洞,所属地点,小怪是莲花洞的妖精手下，莲花洞是小怪的所属地点。,6.0
孙行者,师父,师徒关系,孙行者和师父（唐僧）在取经路上同行，共同面对困难和挑战，体现了师徒关系。,8.5
猪八戒,师父,师徒关系,猪八戒作为唐僧的徒弟，和师父一起西行取经，体现了师徒关系。,8.0
沙和尚,师父,师徒关系,沙和尚作为唐僧的徒弟，和师父一起西行取经，体现了师徒关系。,8.0
菩萨,唐僧,求助关系,唐僧在取经路上遇到困难时，向菩萨求助，体现了求助关系。,7.5
老君,唐僧,求助关系,唐僧在取经路上遇到困难时，向老君求助，体现了求助关系。,7.0
太阳,长安城,地理位置,太阳位于天空，长安城位于地球表面，太阳是长安城的地理位置之一。,6.5
高山,孙行者,所在地点,孙行者在高山上行动，体现了所在地点的关系。,7.0
青天,孙行者,所在地点,孙行者在青天（晴朗的天空）上行动，体现了所在地点的关系。,7.0
山门,唐僧,经过地点,唐僧在取经路上经过山门，体现了经过地点的关系。,6.0
大雄宝殿,唐僧,经过地点,唐僧在取经路上经过大雄宝殿，体现了经过地点的关系。,6.0
方丈,唐僧,经过地点,唐僧在取经路上经过方丈，体现了经过地点的关系。,6.0
禅堂,唐僧,经过地点,唐僧在取经路上经过禅堂，体现了经过地点的关系。,6.0
正殿,唐僧,经过地点,唐僧在取经路上经过正殿，体现了经过地点的关系。,6.0
后门,唐僧,经过地点,唐僧在取经路上经过后门，体现了经过地点的关系。,6.0
正殿后边,唐僧,经过地点,唐僧在取经路上经过正殿后边，体现了经过地点的关系。,6.0
三门,唐僧,经过地点,唐僧在取经路上经过三门，体现了经过地点的关系。,6.0
狗洞,唐僧,经过地点,唐僧在取经路上经过狗洞，体现了经过地点的关系。,6.0
正殿上,唐僧,经过地点,唐僧在取经路上经过正殿上，体现了经过地点的关系。,6.0
东边,唐僧,经过地点,唐僧在取经路上经过东边，体现了经过地点的关系。,6.0
西边,唐僧,经过地点,唐僧在取经路上经过西边，体现了经过地点的关系。,6.0
两廊,唐僧,经过地点,唐僧在取经路上经过两廊，体现了经过地点的关系。,6.0
汉苑,唐僧,经过地点,唐僧在取经路上经过汉苑，体现了经过地点的关系。,6.0
秦楼,唐僧,经过地点,唐僧在取经路上经过秦楼，体现了经过地点的关系。,6.0
沧海,唐僧,经过地点,唐僧在取经路上经过沧海，体现了经过地点的关系。,6.0
碧天,唐僧,经过地点,唐僧在取经路上经过碧天，体现了经过地点的关系。,6.0
别馆,唐僧,经过地点,唐僧在取经路上经过别馆，体现了经过地点的关系。,6.0
山村野店,唐僧,经过地点,唐僧在取经路上经过山村野店，体现了经过地点的关系。,6.0
故园,唐僧,经过地点,唐僧在取经路上经过故园，体现了经过地点的关系。,6.0
佛门,唐僧,经过地点,唐僧在取经路上经过佛门，体现了经过地点的关系。,6.0
宝山,唐僧,经过地点,唐僧在取经路上经过宝山，体现了经过地点的关系。,6.0
方丈、佛殿、钟鼓楼、两廊,唐僧,经过地点,唐僧在取经路上经过方丈、佛殿、钟鼓楼、两廊，体现了经过地点的关系。,6.0
山寺,唐僧,经过地点,唐僧在取经路上经过山寺，体现了经过地点的关系。,6.0
故田,唐僧,经过地点,唐僧在取经路上经过故田，体现了经过地点的关系。,6.0
长江,唐僧,经过地点,唐僧在取经路上经过长江，体现了经过地点的关系。,6.0
江船,唐僧,经过地点,唐僧在取经路上经过江船，体现了经过地点的关系。,6.0
庭中,唐僧,经过地点,唐僧在取经路上经过庭中，体现了经过地点的关系。,6.0
窗轩,唐僧,经过地点,唐僧在取经路上经过窗轩，体现了经过地点的关系。,6.0
院宇,唐僧,经过地点,唐僧在取经路上经过院宇，体现了经过地点的关系。,6.0
山寺,唐僧,经过地点,唐僧在取经路上经过山寺，体现了经过地点的关系。,6.0
故园,唐僧,经过地点,唐僧在取经路上经过故园，体现了经过地点的关系。,6.0
西天,唐僧,目的地,唐僧的目标是西天，体现了目的地的关系。,8.0
太宗,唐太宗李世民,君臣关系,太宗李世民是唐朝的皇帝，而唐太宗是太宗李世民的别称，所以太宗与唐太宗李世民之间存在君臣关系。,8.5
太宗,魏征,君臣关系,太宗李世民是唐朝的皇帝，魏征是他的政治家、军事家、文学家。太宗与魏征之间存在君臣关系。,8.0
长老,唐僧,师徒关系,长老指的是唐僧，他们是师徒关系。,7.5
八戒,孙悟空,师兄弟关系,八戒和孙悟空都是唐僧的徒弟，因此他们是师兄弟关系。,7.0
沙僧,孙悟空,师兄弟关系,沙僧和孙悟空都是唐僧的徒弟，因此他们是师兄弟关系。,7.0
三藏,唐僧,同一个人,三藏是唐僧的别称，所以三藏和唐僧是同一个人。,10.0
孙大圣,孙悟空,同一个人,孙大圣是孙悟空的别称，所以孙大圣和孙悟空是同一个人。,10.0
乌鸡国,乌鸡国王,国家与君主关系,乌鸡国是乌鸡国王的领地，所以乌鸡国和乌鸡国王之间存在国家与君主关系。,7.0
南天门,天宫,入口,南天门是天宫的南门，是进入天宫的入口。,6.5
灵霄殿,天宫,正殿,灵霄殿是天宫的正殿，是天宫的中心。,6.0
兜率宫,太上老君,居所,兜率宫是太上老君的居所，所以兜率宫和太上老君之间存在居所关系。,7.0
宝林寺,乌鸡国王,休息地,宝林寺是孙悟空在乌鸡国救出国王后休息的地方，所以宝林寺和乌鸡国王之间存在休息地关系。,6.0
东观,唐僧师徒,所在地点,东观是唐僧师徒所在的地方，所以东观和唐僧师徒之间存在所在地点关系。,6.5
乌斯国界高家庄,猪八戒,收徒地点,乌斯国界高家庄是孙悟空在取经途中收猪八戒的地方，所以乌斯国界高家庄和猪八戒之间存在收徒地点关系。,6.0
流沙河界,沙悟净,收徒地点,流沙河界是孙悟空在取经途中收沙悟净的地方，所以流沙河界和沙悟净之间存在收徒地点关系。,6.0
敕建宝林寺,乌鸡国王,休息地,敕建宝林寺是孙悟空在乌鸡国救出国王后休息的地方，所以敕建宝林寺和乌鸡国王之间存在休息地关系。,6.0
金銮殿,乌鸡国王,宫殿,金銮殿是乌鸡国王的宫殿，所以金銮殿和乌鸡国王之间存在宫殿关系。,7.0
白玉阶,金銮殿,台阶,白玉阶是金銮殿前的台阶，所以白玉阶和金銮殿之间存在台阶关系。,6.0
东北上,孙悟空,追捕方向,东北上是孙悟空追捕魔王的方向，所以东北上和孙悟空之间存在追捕方向关系。,6.0
五台山,文殊菩萨,道场,五台山是文殊菩萨的道场，所以五台山和文殊菩萨之间存在道场关系。,7.0
孙大圣,八戒,师兄弟关系,孙大圣和八戒都是唐僧的徒弟，共同保护唐僧西天取经，因此他们之间是师兄弟关系。,7.5
孙大圣,沙僧,师兄弟关系,孙大圣和沙僧也是唐僧的徒弟，共同保护唐僧西天取经，因此他们之间是师兄弟关系。,7.5
孙大圣,唐僧,徒弟与师父关系,孙大圣是唐僧的徒弟，保护唐僧西天取经，他们之间是徒弟与师父的关系。,8.0
孙大圣,红孩儿,敌对关系,孙大圣与红孩儿在取经途中相遇，红孩儿捉了唐僧，孙大圣为了救唐僧与红孩儿交战，因此他们是敌对关系。,7.0
八戒,沙僧,师兄弟关系,八戒和沙僧都是唐僧的徒弟，共同保护唐僧西天取经，因此他们之间是师兄弟关系。,7.5
八戒,唐僧,徒弟与师父关系,八戒是唐僧的徒弟，保护唐僧西天取经，他们之间是徒弟与师父的关系。,8.0
沙僧,唐僧,徒弟与师父关系,沙僧是唐僧的徒弟，保护唐僧西天取经，他们之间是徒弟与师父的关系。,8.0
红孩儿,牛魔王,父子关系,红孩儿是牛魔王的儿子，他们之间是父子关系。,8.5
孙大圣,龙宫,求助关系,孙大圣为了灭火，向龙宫龙王求助，因此他们之间是求助关系。,7.0
孙大圣,水晶宫,求助关系,孙大圣为了灭火，向水晶宫龙王求助，因此他们之间是求助关系。,7.0
孙大圣,南海,求助关系,孙大圣为了灭火，向南海观音菩萨求助，因此他们之间是求助关系。,7.0
孙大圣,北海,求助关系,孙大圣为了灭火，向北海龙王求助，因此他们之间是求助关系。,7.0
孙大圣,西海,求助关系,孙大圣为了灭火，向西海龙王求助，因此他们之间是求助关系。,7.0
红孩儿,号山枯松涧火云洞,居住地关系,红孩儿居住在号山枯松涧火云洞，因此他们之间是居住地关系。,8.0
唐三藏,孙悟空,师徒关系,唐三藏是唐僧取经的主要人物，孙悟空是他的大徒弟，因此他们之间存在师徒关系。,9.0
唐三藏,猪八戒,师徒关系,唐三藏是唐僧取经的主要人物，猪八戒是他的二徒弟，因此他们之间存在师徒关系。,9.0
唐三藏,沙僧,师徒关系,唐三藏是唐僧取经的主要人物，沙僧是他的三徒弟，因此他们之间存在师徒关系。,9.0
唐三藏,龙子,师徒关系,唐三藏是唐僧取经的主要人物，龙子是他的徒弟，因此他们之间存在师徒关系。,8.5
唐三藏,黑水河神,求助关系,唐三藏和黑水河神有求助关系，因为黑水河神帮助唐僧师徒过黑水河。,8.0
唐三藏,车迟国,途经地点,唐三藏在取经途中经过车迟国，因此他们之间存在途经地点的关系。,7.5
唐三藏,三清观,求助关系,唐三藏在车迟国求助三清观，因此他们之间存在求助关系。,7.0
唐三藏,智渊寺,途经地点,唐三藏在取经途中经过智渊寺，因此他们之间存在途经地点的关系。,7.0
唐三藏,五谷轮回之所,途经地点,唐三藏在取经途中经过五谷轮回之所，因此他们之间存在途经地点的关系。,6.5
孙悟空,猪八戒,师兄弟关系,孙悟空和猪八戒都是唐僧的徒弟，因此他们之间存在师兄弟关系。,8.0
孙悟空,沙僧,师兄弟关系,孙悟空和沙僧都是唐僧的徒弟，因此他们之间存在师兄弟关系。,8.0
孙悟空,龙子,师兄关系,孙悟空是唐僧的大徒弟，龙子是他的徒弟，因此他们之间存在师兄关系。,7.5
孙悟空,黑水河神,求助关系,孙悟空和黑水河神有求助关系，因为黑水河神帮助唐僧师徒过黑水河。,7.0
孙悟空,车迟国,途经地点,孙悟空在取经途中经过车迟国，因此他们之间存在途经地点的关系。,6.5
孙悟空,三清观,求助关系,孙悟空在车迟国求助三清观，因此他们之间存在求助关系。,6.0
孙悟空,智渊寺,途经地点,孙悟空在取经途中经过智渊寺，因此他们之间存在途经地点的关系。,5.5
孙悟空,五谷轮回之所,途经地点,孙悟空在取经途中经过五谷轮回之所，因此他们之间存在途经地点的关系。,5.0
猪八戒,沙僧,师兄弟关系,猪八戒和沙僧都是唐僧的徒弟，因此他们之间存在师兄弟关系。,8.0
猪八戒,龙子,师兄关系,猪八戒是唐僧的二徒弟，龙子是他的徒弟，因此他们之间存在师兄关系。,7.5
猪八戒,黑水河神,求助关系,猪八戒和黑水河神有求助关系，因为黑水河神帮助唐僧师徒过黑水河。,7.0
猪八戒,车迟国,途经地点,猪八戒在取经途中经过车迟国，因此他们之间存在途经地点的关系。,6.5
猪八戒,三清观,求助关系,猪八戒在车迟国求助三清观，因此他们之间存在求助关系。,6.0
猪八戒,智渊寺,途经地点,猪八戒在取经途中经过智渊寺，因此他们之间存在途经地点的关系。,5.5
猪八戒,五谷轮回之所,途经地点,猪八戒在取经途中经过五谷轮回之所，因此他们之间存在途经地点的关系。,5.0
沙僧,龙子,师兄关系,沙僧是唐僧的三徒弟，龙子是他的徒弟，因此他们之间存在师兄关系。,7.5
沙僧,黑水河神,求助关系,沙僧和黑水河神有求助关系，因为黑水河神帮助唐僧师徒过黑水河。,7.0
沙僧,车迟国,途经地点,沙僧在取经途中经过车迟国，因此他们之间存在途经地点的关系。,6.5
沙僧,三清观,求助关系,沙僧在车迟国求助三清观，因此他们之间存在求助关系。,6.0
沙僧,智渊寺,途经地点,沙僧在取经途中经过智渊寺，因此他们之间存在途经地点的关系。,5.5
沙僧,五谷轮回之所,途经地点,沙僧在取经途中经过五谷轮回之所，因此他们之间存在途经地点的关系。,5.0
龙子,黑水河神,同助关系,龙子和黑水河神都帮助唐僧师徒过黑水河，因此他们之间存在同助关系。,7.0
龙子,车迟国,途经地点,龙子在取经途中经过车迟国，因此他们之间存在途经地点的关系。,6.5
龙子,三清观,求助关系,龙子在车迟国求助三清观，因此他们之间存在求助关系。,6.0
龙子,智渊寺,途经地点,龙子在取经途中经过智渊寺，因此他们之间存在途经地点的关系。,5.5
龙子,五谷轮回之所,途经地点,龙子在取经途中经过五谷轮回之所，因此他们之间存在途经地点的关系。,5.0
黑水河神,车迟国,途经地点,黑水河神在取经途中经过车迟国，因此他们之间存在途经地点的关系。,6.5
黑水河神,三清观,求助关系,黑水河神在车迟国求助三清观，因此他们之间存在求助关系。,6.0
黑水河神,智渊寺,途经地点,黑水河神在取经途中经过智渊寺，因此他们之间存在途经地点的关系。,5.5
黑水河神,五谷轮回之所,途经地点,黑水河神在取经途中经过五谷轮回之所，因此他们之间存在途经地点的关系。,5.0
车迟国,三清观,国家与地点关系,车迟国是故事中提到的国家，三清观位于车迟国，因此他们之间存在国家与地点的关系。,7.0
车迟国,智渊寺,国家与地点关系,车迟国是故事中提到的国家，智渊寺位于车迟国，因此他们之间存在国家与地点的关系。,6.5
车迟国,五谷轮回之所,国家与地点关系,车迟国是故事中提到的国家，五谷轮回之所位于车迟国，因此他们之间存在国家与地点的关系。,6.0
三清观,智渊寺,地点与地点关系,三清观和智渊寺都是故事中提到的地点，因此他们之间存在地点与地点的关系。,6.5
三清观,五谷轮回之所,地点与地点关系,三清观和五谷轮回之所都是故事中提到的地点，因此他们之间存在地点与地点的关系。,6.0
智渊寺,五谷轮回之所,地点与地点关系,智渊寺和五谷轮回之所都是故事中提到的地点，因此他们之间存在地点与地点的关系。,6.0
孙大圣,沙和尚,师徒关系,孙大圣、沙和尚和猪八戒是唐僧的徒弟，他们共同西天取经，因此他们之间存在师徒关系。,8.5
孙大圣,猪八戒,师徒关系,孙大圣、沙和尚和猪八戒是唐僧的徒弟，他们共同西天取经，因此他们之间存在师徒关系。,8.5
孙大圣,三清,道教神祇关系,孙大圣在车迟国大圣留名时，提到了三清，表明他们与道教神祇有联系。,7.0
孙大圣,车迟国,故事发生地,车迟国是《西游记》中的一个虚构国家，孙大圣在此地大圣留名，因此与车迟国有关系。,6.0
沙和尚,智渊寺,停留地,沙和尚和猪八戒与孙大圣在智渊寺停留，因此与智渊寺有直接关系。,6.5
猪八戒,五凤楼,会面地点,猪八戒在五凤楼与国王会面，因此与五凤楼有直接关系。,6.0
太宗,魏征,君臣关系,太宗与魏征在便殿对弈，体现了君臣关系，且太宗对魏征的评价非常高，因此认为他们之间存在紧密的君臣关系。,8.5
太宗,东土大唐,出生地,太宗李世民是东土大唐的皇帝，因此与东土大唐有直接关系。,7.0
魏征,唐朝,时代人物,魏征是唐朝政治家、军事家、文学家，因此与唐朝有直接关系。,7.0
三清,道教,宗教神祇,三清是道教中的三位最高神祇，因此与道教有直接关系。,7.0
车迟国,《西游记》,故事背景,车迟国是《西游记》中的一个虚构国家，因此与《西游记》有直接关系。,7.0
智渊寺,《西游记》,故事背景,智渊寺是《西游记》中的一个寺庙，因此与《西游记》有直接关系。,7.0
五凤楼,《西游记》,故事背景,五凤楼是车迟国皇宫中的建筑，因此与《西游记》有直接关系。,7.0
南赡部洲,《西游记》,故事背景,南赡部洲是《西游记》中的一个虚构的大陆，因此与《西游记》有直接关系。,7.0
东土大唐,《西游记》,故事背景,东土大唐是《西游记》中的一个虚构的国家，因此与《西游记》有直接关系。,7.0
九天应元雷声普化天尊府,《西游记》,故事背景,九天应元雷声普化天尊府是《西游记》中的一个虚构的地点，因此与《西游记》有直接关系。,7.0
四海龙王府,《西游记》,故事背景,四海龙王府是《西游记》中的一个虚构的地点，因此与《西游记》有直接关系。,7.0
天关,《西游记》,故事背景,天关是《西游记》中的一个虚构的地点，因此与《西游记》有直接关系。,7.0
斗府,《西游记》,故事背景,斗府是《西游记》中的一个虚构的地点，因此与《西游记》有直接关系。,7.0
铁叉山,《西游记》,故事背景,铁叉山是《西游记》中的一个虚构的地点，因此与《西游记》有直接关系。,7.0
东洋海,《西游记》,故事背景,东洋海是《西游记》中的一个虚构的海洋，因此与《西游记》有直接关系。,7.0
长江,《西游记》,故事背景,长江是中国的一条著名河流，也是《西游记》中的一个重要地点。,7.0
太宗,魏征,君臣关系,太宗与魏征在便殿对弈，体现了君臣关系，且太宗对魏征的评价非常高，因此认为他们之间存在紧密的君臣关系。,8.5
孙行者,唐僧,师徒关系,孙行者是唐僧的大徒弟，两人一同取经，关系紧密，是师徒关系。,9.0
孙行者,八戒,师兄弟关系,孙行者和八戒都是唐僧的徒弟，关系亲近，是师兄弟关系。,8.0
孙行者,沙僧,师兄弟关系,孙行者和沙僧都是唐僧的徒弟，关系亲近，是师兄弟关系。,8.0
国王,孙行者,对手关系,国王和孙行者在法力较量中互为对手，关系紧张。,7.5
道士,孙行者,对手关系,道士与孙行者在法力较量中互为对手，关系紧张。,7.0
鹿力大仙,孙行者,对手关系,鹿力大仙与孙行者在隔板知物之法上互为对手，关系紧张。,7.0
虎力大仙,孙行者,对手关系,虎力大仙与孙行者在坐禅上互为对手，关系紧张。,7.0
羊力大仙,孙行者,对手关系,羊力大仙与孙行者在滚油锅洗澡上互为对手，关系紧张。,7.0
国王,金銮殿,地点关系,国王坐在金銮殿上，金銮殿是国王的宝座所在之地。,7.0
国王,文华殿,地点关系,国王在文华殿中，文华殿是国王的宫殿之一。,7.0
国王,御花园,地点关系,国王的私人花园是御花园。,7.0
国王,杀场,地点关系,国王的杀场是执行死刑的地方。,7.0
国王,油锅,地点关系,国王的油锅用于煮食和惩罚。,7.0
"['太宗', '魏征']","['唐太宗李世民', '魏征']",君臣关系,太宗与魏征在便殿对弈，体现了君臣关系，且太宗对魏征的评价非常高，因此认为他们之间存在紧密的君臣关系。,8.5
"['国王', '行者']","['本国的君主', '唐僧的大徒弟']",求助关系,国王面临妖邪之害，求助行者解救，体现了求助关系。,7.0
"['行者', '国王']","['唐僧的大徒弟', '本国的君主']",救助关系,行者帮助国王除妖邪，体现了救助关系。,8.0
"['行者', '和尚']","['唐僧的大徒弟', '出家人']",同行关系,行者作为和尚的徒弟，体现了同行关系。,6.0
"['行者', '僧人']","['唐僧的大徒弟', '出家人']",同行关系,行者作为僧人的同伴，体现了同行关系。,6.0
"['国王', '僧人']","['本国的君主', '出家人']",招待关系,国王招待僧人，体现了招待关系。,5.5
"['国王', '唐僧']","['本国的君主', '东土大唐的僧人']",招待关系,国王招待唐僧，体现了招待关系。,5.5
"['行者', '唐僧']","['唐僧的大徒弟', '东土大唐的僧人']",师徒关系,行者是唐僧的大徒弟，体现了师徒关系。,9.0
"['行者', '沙僧']","['唐僧的大徒弟', '唐僧的三徒弟']",师兄弟关系,行者和沙僧是唐僧的徒弟，体现了师兄弟关系。,8.0
"['行者', '八戒']","['唐僧的大徒弟', '唐僧的二徒弟']",师兄弟关系,行者和八戒是唐僧的徒弟，体现了师兄弟关系。,8.0
"['国王', '皇后嫔妃']","['本国的君主', '皇室的成员']",君臣关系,国王和皇后嫔妃是君臣关系。,6.0
"['国王', '文武多官']","['本国的君主', '朝廷的官员']",君臣关系,国王和文武多官是君臣关系。,6.0
"['国王', '关文']","['本国的君主', '官方文书']",发布关系,国王发布关文，体现了发布关系。,5.0
"['国王', '智渊寺']","['本国的君主', '寺庙的名称']",访问关系,国王访问智渊寺，体现了访问关系。,5.0
"['国王', '长安']","['本国的君主', '唐朝的都城']",出生地关系,国王出生于长安，体现了出生地关系。,6.0
"['国王', '通天河']","['本国的君主', '河流的名称']",国家地理关系,国王的国家有通天河，体现了国家地理关系。,5.0
"['国王', '车迟国']","['本国的君主', '国家的名称']",国家关系,国王是车迟国的君主，体现了国家关系。,5.0
"['国王', '陈家庄']","['本国的君主', '村庄的名称']",国家地理关系,国王的国家有陈家庄，体现了国家地理关系。,5.0
"['行者', '灵感大王庙']","['唐僧的大徒弟', '庙宇的名称']",祭拜关系,行者前往灵感大王庙祭拜，体现了祭拜关系。,6.0
"['行者', '西天']","['唐僧的大徒弟', '佛教传说中的西方极乐世界']",取经目的地关系,行者的取经目的地是西天，体现了取经目的地关系。,8.0
"['行者', '天井']","['唐僧的大徒弟', '房屋中的露天空间']",活动地点关系,行者在天井活动，体现了活动地点关系。,5.0
"['行者', '佛象']","['唐僧的大徒弟', '佛像']",信仰关系,行者信仰佛教，体现了信仰关系。,7.0
"['行者', '人烟']","['唐僧的大徒弟', '人类居住的区域']",活动地点关系,行者在人烟活动，体现了活动地点关系。,5.0
陈家庄,陈澄,居住地,陈澄是陈家庄的庄头，因此居住在陈家庄。,8.0
陈家庄,陈清,居住地,陈清是陈家庄的庄头，因此居住在陈家庄。,8.0
灵感庙,陈家庄,位于,灵感庙是陈家庄的信众祭祀的地方，因此位于陈家庄。,7.5
通天河,唐僧,经过,唐僧师徒在取经的路上经过了通天河，遭遇困难。,7.0
通天河,灵感大王,居住地,灵感大王住在通天河中。,7.0
西梁女国,通天河,对岸,西梁女国位于通河的对岸。,7.0
唐僧,孙悟空,师徒关系,孙悟空是唐僧的大徒弟，他们之间是师徒关系。,9.0
唐僧,猪八戒,师徒关系,猪八戒是唐僧的二徒弟，他们之间是师徒关系。,9.0
唐僧,沙僧,师徒关系,沙僧是唐僧的三徒弟，他们之间是师徒关系。,9.0
唐僧,白马,坐骑,白马是唐僧的坐骑。,8.5
灵感大王,唐僧,目标,灵感大王想要捉住唐僧，因此唐僧是其目标。,7.5
灵感大王,鳜婆,合作,灵感大王与鳜婆合作，共同捉拿唐僧。,7.0
陈老,唐僧,接待,陈老在陈家庄接待了唐僧师徒，提供食宿。,7.0
孙大圣,八戒,师兄弟关系,孙大圣、八戒和沙僧是唐僧的徒弟，他们之间是师兄弟关系，共同取经，关系密切。,8.5
孙大圣,沙僧,师兄弟关系,孙大圣、八戒和沙僧是唐僧的徒弟，他们之间是师兄弟关系，共同取经，关系密切。,8.5
孙大圣,观音,求助关系,孙大圣遇到困难时会向观音菩萨求助，观音菩萨也多次帮助孙大圣，他们之间存在求助关系。,8.0
八戒,沙僧,师兄弟关系,八戒和沙僧是唐僧的徒弟，他们之间是师兄弟关系，共同取经，关系密切。,8.0
唐僧,孙大圣,师徒关系,孙大圣是唐僧的大徒弟，他们之间存在师徒关系，共同西天取经。,8.0
唐僧,八戒,师徒关系,八戒是唐僧的二徒弟，他们之间存在师徒关系，共同西天取经。,8.0
唐僧,沙僧,师徒关系,沙僧是唐僧的三徒弟，他们之间存在师徒关系，共同西天取经。,8.0
陈老来,八戒,师徒关系,陈老来是八戒的师傅，他们之间存在师徒关系。,7.5
观音,老鼋,救助关系,观音菩萨帮助老鼋，使其能帮助唐僧师徒渡过通天河，他们之间存在救助关系。,7.0
妖精,大王,领导关系,妖精是大王的部下，他们之间存在领导关系。,6.5
小妖,妖精,部下关系,小妖是妖精的手下，他们之间存在部下关系。,6.0
陈清,八戒,师傅关系,陈清是八戒的师傅的儿子，他们之间存在师傅关系。,6.0
老鼋,通天河,居住地关系,老鼋住在通天河中，他们之间存在居住地关系。,6.0
菩萨,莲花池,居住地关系,菩萨住在莲花池中，他们之间存在居住地关系。,6.0
菩萨,普陀岩,道场关系,菩萨的道场位于普陀岩，他们之间存在道场关系。,6.0
菩萨,落伽山,道场关系,菩萨的道场位于落伽山，他们之间存在道场关系。,6.0
唐僧,孙悟空,师徒关系,唐僧是唐僧师徒四人中的师父，孙悟空是唐僧的大徒弟，他们之间的师徒关系在文中多次体现。,9.0
唐僧,八戒,师徒关系,八戒是唐僧的二徒弟，也是唐僧师徒四人之一，与唐僧之间有师徒关系。,8.0
唐僧,沙僧,师徒关系,沙僧是唐僧的三徒弟，同样是唐僧师徒四人之一，与唐僧之间有师徒关系。,8.0
孙悟空,金皘山,交战地点,孙悟空在金皘山与妖魔交战，这是他们交战的地方。,7.5
妖魔,金皘洞,居住地,妖魔居住在金皘洞，这是他们的居住地。,7.0
唐僧,古树参天,化斋地点,唐僧在古树参天的村庄化斋，这是他们化斋的地点。,6.5
唐僧,山坡平处,等待地点,唐僧在山坡平处等待孙悟空化斋回来，这是他们等待的地点。,6.0
孙悟空,金皘山山神土地,求助对象,孙悟空在金皘山向山神土地求助，他们是孙悟空求助的对象。,6.0
孙悟空,洞中,交战地点,孙悟空在洞中与妖魔交战，这是他们交战的地方。,6.0
孙悟空,山前,交战地点,孙悟空在山前与妖魔交战，这是他们交战的地方。,6.0
孙悟空,洞外,交战地点,孙悟空在洞外与妖魔交战，这是他们交战的地方。,6.0
孙悟空,北坡外,求助地点,孙悟空在北坡外遇到老翁，并向其求助，这是孙悟空求助的地点。,5.5
妖魔,本宫,原居地,妖魔原居在本宫，这是他们的原居地。,5.0
齐天大圣,唐僧,师徒关系,齐天大圣孙悟空作为唐僧的徒弟，一直保护唐僧西天取经，体现了师徒之间的紧密关系。,8.5
太宗,唐僧,皇帝与朝臣关系,太宗李世民作为皇帝，唐僧作为他的朝臣，虽然故事中未直接描述，但太宗派唐僧去西天取经体现了皇帝与朝臣之间的关系。,7.0
唐僧,金皘山,取经地点,唐僧前往金皘山取经，体现了取经地点与唐僧之间的关系。,8.0
唐僧,金山兜山,取经地点,唐僧前往金山兜山取经，体现了取经地点与唐僧之间的关系。,8.0
孙悟空,金皘山,交战地点,孙悟空在金皘山与兕怪交战，体现了交战地点与孙悟空之间的关系。,8.0
孙悟空,金山兜山,交战地点,孙悟空在金山兜山与兕怪交战，体现了交战地点与孙悟空之间的关系。,8.0
孙悟空,南天门,求助地点,孙悟空在南天门寻求玉帝帮助，体现了求助地点与孙悟空之间的关系。,7.5
孙悟空,灵霄殿,求助地点,孙悟空在灵霄殿寻求玉帝帮助，体现了求助地点与孙悟空之间的关系。,7.5
孙悟空,彤华宫,求助地点,孙悟空在彤华宫请求火德星君的帮助，体现了求助地点与孙悟空之间的关系。,7.5
孙悟空,乌浩宫,求助地点,孙悟空在乌浩宫请求水德星君的帮助，体现了求助地点与孙悟空之间的关系。,7.5
孙悟空,黄河,求助地点,孙悟空在黄河请求水德星君帮助施布水势，体现了求助地点与孙悟空之间的关系。,7.5
孙悟空,李天王,助战关系,孙悟空与李天王共同对抗兕大王，因此他们之间存在助战关系。,7.0
孙悟空,哪吒,助战关系,孙悟空与哪吒一同对抗妖魔，所以存在助战关系。,6.5
孙悟空,火德星君,助战关系,孙悟空曾请求火德星君协助对抗妖魔，因此存在助战关系。,6.0
孙悟空,雷公,助战关系,孙悟空请求雷公协助对抗妖魔，因此存在助战关系。,6.0
孙悟空,水伯,助战关系,孙悟空曾请求水伯协助对抗妖魔，因此存在助战关系。,5.5
孙悟空,如来,求助关系,孙悟空在对抗妖魔时遇到困难，因此向如来求助，存在求助关系。,8.0
孙悟空,太上老君,求助关系,孙悟空寻找太上老君以寻求帮助，因此存在求助关系。,7.5
孙悟空,金皘洞,活动地点,孙悟空在金皘洞与妖魔战斗，因此与金皘洞存在活动地点关系。,6.5
孙悟空,灵山,求助地点,孙悟空前往灵山求助于如来，因此与灵山存在求助地点关系。,7.0
孙悟空,离恨天兜率宫,求助地点,孙悟空在离恨天兜率宫找到太上老君，因此与离恨天兜率宫存在求助地点关系。,7.0
孙悟空,天庭,活动地点,孙悟空在天庭中与天神交流，因此与天庭存在活动地点关系。,6.0
孙悟空,南天门,活动地点,孙悟空进入南天门，因此与南天门存在活动地点关系。,5.5
孙悟空,仙宫,活动地点,孙悟空在仙宫中活动，因此与仙宫存在活动地点关系。,6.0
孙悟空,丹房,活动地点,孙悟空在丹房中寻找线索，因此与丹房存在活动地点关系。,5.5
孙悟空,牛栏,活动地点,孙悟空在牛栏中寻找线索，因此与牛栏存在活动地点关系。,5.0
孙悟空,三十三天之外离恨天兜率宫前,活动地点,孙悟空在离恨天兜率宫前与太上老君相遇，因此与三十三天之外离恨天兜率宫前存在活动地点关系。,6.0
孙悟空,灵屑殿,活动地点,孙悟空在灵屑殿中与天神交流，因此与灵屑殿存在活动地点关系。,5.5
孙悟空,斗牛宫,活动地点,孙悟空在斗牛宫中与天神交流，因此与斗牛宫存在活动地点关系。,5.0
孙悟空,兜率院,活动地点,孙悟空在兜率院中与太上老君相遇，因此与兜率院存在活动地点关系。,6.0
孙悟空,金皘洞洞口,活动地点,孙悟空在金皘洞洞口与妖魔战斗，因此与金皘洞洞口存在活动地点关系。,6.0
孙悟空,金皘洞外,活动地点,孙悟空在金皘洞外与妖魔战斗，因此与金皘洞外存在活动地点关系。,6.0
孙悟空,金皘洞深处,活动地点,孙悟空在金皘洞深处与妖魔战斗，因此与金皘洞深处存在活动地点关系。,6.0
孙悟空,灵山脚下,活动地点,孙悟空在灵山脚下活动，因此与灵山脚下存在活动地点关系。,5.5
孙悟空,三界之外,活动地点,孙悟空在超越三界之外的地方活动，因此与三界之外存在活动地点关系。,5.0
唐三藏,孙悟空,师徒关系,唐三藏是唐僧，孙悟空是他的大徒弟，两人一同西天取经，所以他们是师徒关系。,9.0
唐三藏,猪悟能,师徒关系,唐三藏是唐僧，猪悟能是他的二徒弟，两人一同西天取经，所以他们是师徒关系。,9.0
唐三藏,沙悟净,师徒关系,唐三藏是唐僧，沙悟净是他的三徒弟，两人一同西天取经，所以他们是师徒关系。,9.0
唐三藏,西梁女国,求亲关系,唐三藏作为唐僧，被西梁女国的女王求亲，所以存在求亲关系。,7.0
孙悟空,西梁女国,国界相遇,孙悟空作为唐僧的大徒弟，与唐僧师徒一同到达西梁女国，所以与国界相遇有关。,6.0
猪悟能,西梁女国,国界相遇,猪悟能作为唐僧的二徒弟，与唐僧师徒一同到达西梁女国，所以与国界相遇有关。,6.0
沙悟净,西梁女国,国界相遇,沙悟净作为唐僧的三徒弟，与唐僧师徒一同到达西梁女国，所以与国界相遇有关。,6.0
迎阳驿,唐三藏,驿站住宿,唐三藏与师徒们到达迎阳驿，并在那里住宿，所以与驿站住宿有关。,6.0
迎阳驿,孙悟空,驿站住宿,孙悟空作为唐僧的大徒弟，与唐僧师徒一同在迎阳驿住宿，所以与驿站住宿有关。,6.0
迎阳驿,猪悟能,驿站住宿,猪悟能作为唐僧的二徒弟，与唐僧师徒一同在迎阳驿住宿，所以与驿站住宿有关。,6.0
迎阳驿,沙悟净,驿站住宿,沙悟净作为唐僧的三徒弟，与唐僧师徒一同在迎阳驿住宿，所以与驿站住宿有关。,6.0
五凤楼,唐三藏,女王接待,女王在五凤楼接待唐三藏，所以与女王接待有关。,7.0
五凤楼,孙悟空,女王接待,孙悟空作为唐僧的大徒弟，与唐僧师徒一同在五凤楼受到女王接待，所以与女王接待有关。,7.0
五凤楼,猪悟能,女王接待,猪悟能作为唐僧的二徒弟，与唐僧师徒一同在五凤楼受到女王接待，所以与女王接待有关。,7.0
五凤楼,沙悟净,女王接待,沙悟净作为唐僧的三徒弟，与唐僧师徒一同在五凤楼受到女王接待，所以与女王接待有关。,7.0
金銮宝殿,唐三藏,婚礼举行,唐三藏与女王在金銮宝殿举行婚礼，所以与婚礼举行有关。,8.0
金銮宝殿,孙悟空,婚礼举行,孙悟空作为唐僧的大徒弟，与唐僧师徒一同在金銮宝殿参加婚礼，所以与婚礼举行有关。,8.0
金銮宝殿,猪悟能,婚礼举行,猪悟能作为唐僧的二徒弟，与唐僧师徒一同在金銮宝殿参加婚礼，所以与婚礼举行有关。,8.0
金銮宝殿,沙悟净,婚礼举行,沙悟净作为唐僧的三徒弟，与唐僧师徒一同在金銮宝殿参加婚礼，所以与婚礼举行有关。,8.0
孙大圣,猪八戒,师兄弟关系,孙大圣、猪八戒和沙僧是唐僧的徒弟，共同保护唐僧西天取经，因此他们是师兄弟关系。,8.0
孙大圣,沙僧,师兄弟关系,孙大圣、猪八戒和沙僧是唐僧的徒弟，共同保护唐僧西天取经，因此他们是师兄弟关系。,8.0
猪八戒,沙僧,师兄弟关系,猪八戒、沙僧和孙大圣是唐僧的徒弟，共同保护唐僧西天取经，因此他们是师兄弟关系。,8.0
唐僧,孙大圣,师徒关系,唐僧是孙大圣的师傅，孙大圣是唐僧的大徒弟，因此他们是师徒关系。,8.5
唐僧,猪八戒,师徒关系,唐僧是猪八戒的师傅，猪八戒是唐僧的二徒弟，因此他们是师徒关系。,8.5
唐僧,沙僧,师徒关系,唐僧是沙僧的师傅，沙僧是唐僧的三徒弟，因此他们是师徒关系。,8.5
女王,唐僧,相遇关系,女王在女国中遇到了唐僧，因此他们是相遇关系。,6.5
女怪,唐僧,敌对关系,女怪在琵琶洞中遇到唐僧，试图阻止唐僧取经，因此他们是敌对关系。,7.0
昴日星官,女怪,降妖关系,昴日星官被孙悟空请来降伏女怪，因此他们是降妖关系。,8.0
如来,女怪,相遇关系,女怪在雷音寺中曾与如来相遇，因此他们是相遇关系。,6.0
大力鬼王,孙悟空,对战关系,大力鬼王曾参与捉拿孙悟空，因此他们是对战关系。,6.5
二十八宿,孙悟空,对战关系,二十八宿曾参与捉拿孙悟空，因此他们是对战关系。,6.5
老子,孙悟空,锻炼关系,老子曾在八卦炉中锻炼孙悟空，因此他们是锻炼关系。,7.0
增长天王,孙悟空,相遇关系,增长天王曾与孙悟空相遇，因此他们是相遇关系。,6.0
陶张辛邓四大元帅,孙悟空,相遇关系,陶张辛邓四大元帅曾与孙悟空相遇，因此他们是相遇关系。,6.0
辛天君,孙悟空,相遇关系,辛天君曾与孙悟空相遇，因此他们是相遇关系。,6.0
陶天君,孙悟空,相遇关系,陶天君曾与孙悟空相遇，因此他们是相遇关系。,6.0
老妈妈儿,唐僧,帮助关系,老妈妈儿是观音菩萨的化身，出现帮助唐僧师徒，因此他们是帮助关系。,7.5
观音菩萨,唐僧,帮助关系,观音菩萨具有大慈大悲的形象，出现帮助唐僧师徒，因此他们是帮助关系。,9.0
玉帝,孙悟空,统治关系,玉帝是天宫中的最高统治者，孙悟空曾违反玉帝的命令，因此他们是统治关系。,6.0
天蓬元帅,猪八戒,原职关系,猪八戒原是天蓬元帅，因此他们是原职关系。,7.0
卷帘大将,沙僧,原职关系,沙僧原是卷帘大将，因此他们是原职关系。,7.0
唐三藏,孙悟空,师徒关系,唐三藏是唐僧，孙悟空是他的大徒弟，两人一同西行取经，因此存在师徒关系。,9.0
唐三藏,猪八戒,师徒关系,猪八戒是唐僧的二徒弟，两人一同西行取经，因此存在师徒关系。,9.0
唐三藏,沙悟净,师徒关系,沙悟净是唐僧的三徒弟，两人一同西行取经，因此存在师徒关系。,9.0
唐三藏,老杨,求助关系,唐三藏师徒在旅途中遇到困难，得到老杨的收留和帮助，因此存在求助关系。,7.5
唐三藏,老杨的儿子,冲突关系,老杨的儿子与贼人为伍，与唐三藏师徒产生冲突，因此存在冲突关系。,6.0
唐三藏,贼人,冲突关系,贼人拦路抢劫，与唐三藏师徒产生冲突，因此存在冲突关系。,6.0
唐三藏,白马,所有关系,白马是唐三藏的坐骑，被贼人要求留下，因此存在所有关系。,7.0
唐三藏,长安,出发地关系,长安是唐三藏的出发地，他由此地出发前往西方取经，因此存在出发地关系。,8.0
唐三藏,西方极乐城,目的地关系,西方极乐城是唐三藏的目标地，他前往那里取经，因此存在目的地关系。,8.0
唐三藏,琵琶洞,经历地关系,唐三藏师徒在琵琶洞救出蝎子精，因此存在经历地关系。,7.0
唐三藏,高山,经历地关系,唐三藏师徒在取经途中遇到高山，因此存在经历地关系。,7.0
唐三藏,平阳之地,经历地关系,唐三藏师徒在平阳之地休息，因此存在经历地关系。,7.0
唐三藏,山北下庄院,经历地关系,唐三藏师徒在山北下庄院借宿，因此存在经历地关系。,7.0
孙悟空,老杨的儿子,冲突关系,孙悟空与老杨的儿子在老杨家中发生冲突，因此存在冲突关系。,6.0
孙悟空,贼人,冲突关系,孙悟空与贼人在旅途中发生冲突，因此存在冲突关系。,7.0
猪八戒,老杨的儿子,冲突关系,猪八戒与老杨的儿子在老杨家中发生冲突，因此存在冲突关系。,6.0
猪八戒,贼人,冲突关系,猪八戒与贼人在旅途中发生冲突，因此存在冲突关系。,6.0
沙悟净,老杨的儿子,冲突关系,沙悟净与老杨的儿子在老杨家中发生冲突，因此存在冲突关系。,6.0
沙悟净,贼人,冲突关系,沙悟净与贼人在旅途中发生冲突，因此存在冲突关系。,6.0
孙悟空,白马,所有关系,孙悟空是白马的主人，因此存在所有关系。,8.0
孙悟空,长安,出发地关系,孙悟空是唐三藏的大徒弟，长安是唐三藏的出发地，因此存在出发地关系。,8.0
孙悟空,西方极乐城,目的地关系,孙悟空是唐三藏的大徒弟，西方极乐城是唐三藏的目标地，因此存在目的地关系。,8.0
孙悟空,琵琶洞,经历地关系,孙悟空是唐三藏的大徒弟，琵琶洞是唐三藏师徒救出蝎子精的地方，因此存在经历地关系。,7.0
孙悟空,高山,经历地关系,孙悟空是唐三藏的大徒弟，高山是唐三藏师徒在取经途中遇到的一座山，因此存在经历地关系。,7.0
孙悟空,平阳之地,经历地关系,孙悟空是唐三藏的大徒弟，平阳之地是唐三藏师徒在高山下的休息地，因此存在经历地关系。,7.0
孙悟空,山北下庄院,经历地关系,孙悟空是唐三藏的大徒弟，山北下庄院是唐三藏师徒借宿的地方，因此存在经历地关系。,7.0
猪八戒,长安,出发地关系,猪八戒是唐三藏的二徒弟，长安是唐三藏的出发地，因此存在出发地关系。,8.0
猪八戒,西方极乐城,目的地关系,猪八戒是唐三藏的二徒弟，西方极乐城是唐三藏的目标地，因此存在目的地关系。,8.0
猪八戒,琵琶洞,经历地关系,猪八戒是唐三藏的二徒弟，琵琶洞是唐三藏师徒救出蝎子精的地方，因此存在经历地关系。,7.0
猪八戒,高山,经历地关系,猪八戒是唐三藏的二徒弟，高山是唐三藏师徒在取经途中遇到的一座山，因此存在经历地关系。,7.0
猪八戒,平阳之地,经历地关系,猪八戒是唐三藏的二徒弟，平阳之地是唐三藏师徒在高山下的休息地，因此存在经历地关系。,7.0
猪八戒,山北下庄院,经历地关系,猪八戒是唐三藏的二徒弟，山北下庄院是唐三藏师徒借宿的地方，因此存在经历地关系。,7.0
沙悟净,长安,出发地关系,沙悟净是唐三藏的三徒弟，长安是唐三藏的出发地，因此存在出发地关系。,8.0
沙悟净,西方极乐城,目的地关系,沙悟净是唐三藏的三徒弟，西方极乐城是唐三藏的目标地，因此存在目的地关系。,8.0
沙悟净,琵琶洞,经历地关系,沙悟净是唐三藏的三徒弟，琵琶洞是唐三藏师徒救出蝎子精的地方，因此存在经历地关系。,7.0
沙悟净,高山,经历地关系,沙悟净是唐三藏的三徒弟，高山是唐三藏师徒在取经途中遇到的一座山，因此存在经历地关系。,7.0
沙悟净,平阳之地,经历地关系,沙悟净是唐三藏的三徒弟，平阳之地是唐三藏师徒在高山下的休息地，因此存在经历地关系。,7.0
沙悟净,山北下庄院,经历地关系,沙悟净是唐三藏的三徒弟，山北下庄院是唐三藏师徒借宿的地方，因此存在经历地关系。,7.0
老杨,老杨的儿子,父子关系,老杨是老杨儿子的父亲，因此存在父子关系。,8.0
老杨的儿子,贼人,同伙关系,老杨的儿子与贼人为伍，因此存在同伙关系。,7.0
贼人,白马,所有关系,贼人想要得到白马，因此存在所有关系。,7.0
贼人,长安,出发地关系,贼人可能来自长安，因此存在出发地关系。,7.0
贼人,西方极乐城,目的地关系,贼人可能前往西方极乐城，因此存在目的地关系。,7.0
贼人,琵琶洞,经历地关系,贼人在琵琶洞附近活动，因此存在经历地关系。,7.0
贼人,高山,经历地关系,贼人在高山附近活动，因此存在经历地关系。,7.0
贼人,平阳之地,经历地关系,贼人在平阳之地附近活动，因此存在经历地关系。,7.0
贼人,山北下庄院,经历地关系,贼人在山北下庄院附近活动，因此存在经历地关系。,7.0
行者,孙悟空,徒弟关系,行者指的是孙悟空，孙悟空是唐僧的大徒弟，因此他们之间存在徒弟关系。,8.5
沙僧,孙悟空,师兄弟关系,沙僧和孙悟空都是唐僧的徒弟，因此他们之间存在师兄弟关系。,8.0
唐僧,行者,师傅与徒弟关系,唐僧是孙悟空的师傅，因此他们之间存在师傅与徒弟的关系。,8.0
唐僧,沙僧,师傅与徒弟关系,唐僧是沙僧的师傅，因此他们之间存在师傅与徒弟的关系。,8.0
唐僧,猪八戒,师傅与徒弟关系,唐僧是猪八戒的师傅，因此他们之间存在师傅与徒弟的关系。,8.0
菩萨,孙悟空,佛教徒与菩萨关系,孙悟空是佛教徒，观音菩萨是佛教中的菩萨，因此他们之间存在佛教徒与菩萨的关系。,7.5
观音菩萨,孙悟空,菩萨与弟子关系,观音菩萨是孙悟空的菩萨，因此他们之间存在菩萨与弟子的关系。,7.0
如来佛祖,孙悟空,佛祖与弟子关系,如来佛祖是佛教的最高领袖，孙悟空是他的弟子，因此他们之间存在佛祖与弟子关系。,7.0
玉帝,孙悟空,天庭统治者与反抗者关系,孙悟空曾大闹天宫，反抗玉帝，因此他们之间存在天庭统治者与反抗者的关系。,6.5
地藏王菩萨,孙悟空,佛教徒与菩萨关系,孙悟空是佛教徒，地藏王菩萨是佛教中的菩萨，因此他们之间存在佛教徒与菩萨的关系。,6.0
妖精,孙悟空,对手关系,妖精是孙悟空的对手，因此他们之间存在对手关系。,6.0
沙僧,妖精,受害者与施害者关系,沙僧被妖精假扮成沙僧的样子攻击，因此他们之间存在受害者与施害者的关系。,5.5
八戒,妖精,受害者与施害者关系,八戒被妖精假扮成猪八戒的样子攻击，因此他们之间存在受害者与施害者的关系。,5.5
唐僧,妖精,受害者与施害者关系,唐僧被妖精假扮成唐僧的样子攻击，因此他们之间存在受害者与施害者的关系。,5.5
孙悟空,假行者六耳猕猴,真伪关系,孙悟空和假行者六耳猕猴在外貌和法力上极为相似，因此他们之间存在真伪关系。,5.0
唐三藏,孙行者,师徒关系,唐三藏是唐僧，孙行者是唐僧的大徒弟，他们一起西天取经，因此存在师徒关系。,8.5
唐三藏,八戒,师徒关系,唐三藏是唐僧，八戒是唐僧的二徒弟，他们一起西天取经，因此存在师徒关系。,8.5
唐三藏,沙僧,师徒关系,唐三藏是唐僧，沙僧是唐僧的三徒弟，他们一起西天取经，因此存在师徒关系。,8.5
孙行者,牛魔王,兄弟关系,孙行者和牛魔王曾经结义为兄弟，所以存在兄弟关系。,7.0
孙行者,铁扇公主,借贷关系,孙行者和铁扇公主因为芭蕉扇的存在存在借贷关系。,6.0
孙行者,红孩儿,父子关系,孙行者和红孩儿是父子关系，因为红孩儿是孙行者的儿子。,7.5
观音菩萨,孙悟空,施救关系,观音菩萨曾收服孙悟空，并帮助他解决困难，因此存在施救关系。,7.0
灵吉菩萨,孙悟空,施救关系,灵吉菩萨曾帮助孙悟空降服黄风怪，因此存在施救关系。,6.5
孙悟空,火焰山,地理关系,孙悟空需要翻越火焰山才能继续西天取经，因此存在地理关系。,7.0
孙悟空,翠云山,地理关系,孙悟空需要到达翠云山才能找到铁扇公主，因此存在地理关系。,6.5
孙悟空,芭蕉洞,地点关系,孙悟空在芭蕉洞借到了芭蕉扇，因此存在地点关系。,6.0
孙悟空,小须弥山,地理关系,孙悟空被铁扇公主扇到小须弥山，因此存在地理关系。,6.5
牛魔王,铁扇公主,夫妻关系,牛魔王和铁扇公主是夫妻关系。,7.5
铁扇公主,红孩儿,母子关系,铁扇公主和红孩儿是母子关系。,7.0
斯哈哩国,火焰山,地理位置关系,斯哈哩国位于火焰山附近，因此存在地理位置关系。,6.5
火焰山,翠云山,地理位置关系,火焰山位于翠云山附近，因此存在地理位置关系。,6.5
翠云山,芭蕉洞,地点关系,翠云山中有芭蕉洞，因此存在地点关系。,6.0
小须弥山,火焰山,地理位置关系,小须弥山和火焰山在地理位置上相邻。,6.5
牛魔王,罗刹女,夫妻关系,牛魔王是罗刹女的丈夫，他们之间的关系是夫妻关系，这在文中多次提到他们之间的互动和情感联系。,9.0
孙行者,牛魔王,求助者与被求助者关系,孙行者前来请求牛魔王帮助借芭蕉扇，体现了求助者与被求助者的关系。,7.5
孙行者,铁扇公主,求助者与被求助者关系,孙行者向铁扇公主请求借芭蕉扇，也是求助者与被求助者的关系。,7.0
牛魔王,积雷山,居住地关系,牛魔王居住在积雷山摩云洞，因此他与积雷山之间存在居住地关系。,8.0
玉面公主,积雷山摩云洞,居住地关系,玉面公主是积雷山摩云洞的狐王之女，因此她与积雷山摩云洞之间存在居住地关系。,7.5
土地,火焰山,工作地点关系,土地曾是兜率宫守炉的道人，降下后成为火焰山土地，因此他与火焰山之间存在工作地点关系。,7.0
猪八戒,唐僧,师徒关系,猪八戒是唐僧的徒弟之一，因此他们之间存在师徒关系。,8.5
老君,八卦炉,地点关系,老君将孙悟空压在八卦炉内，因此老君与八卦炉之间存在地点关系。,7.0
孙行者,火焰山,目的地关系,孙行者为了借芭蕉扇而前往火焰山，因此他与火焰山之间存在目的地关系。,7.5
孙行者,翠云山,故乡关系,孙行者来自翠云山，因此他与翠云山之间存在故乡关系。,7.0
牛魔王,碧波潭,聚会地点关系,牛魔王在碧波潭与众精散了筵席，因此他与碧波潭之间存在聚会地点关系。,7.0
老龙精,碧波潭,聚会地点关系,老龙精在碧波潭与牛魔王聚会，因此他与碧波潭之间存在聚会地点关系。,7.0
铁扇公主,芭蕉洞,居所关系,铁扇公主居住在芭蕉洞，因此她与芭蕉洞之间存在居所关系。,8.0
唐三藏,孙悟空,师徒关系,唐三藏是西天取经的主角，孙悟空是其大徒弟，两人关系紧密，共同西行取经。,9.0
唐三藏,猪悟能,师徒关系,唐三藏是西天取经的主角，猪悟能是其二徒弟，两人关系紧密，共同西行取经。,8.5
唐三藏,沙悟净,师徒关系,唐三藏是西天取经的主角，沙悟净是其三徒弟，两人关系紧密，共同西行取经。,8.0
孙悟空,猪悟能,师兄关系,孙悟空和猪悟能都是唐僧的徒弟，孙悟空是师兄，两人关系紧密，共同西行取经。,8.0
孙悟空,沙悟净,师兄关系,孙悟空和沙悟净都是唐僧的徒弟，孙悟空是师兄，两人关系紧密，共同西行取经。,7.5
猪悟能,沙悟净,师弟关系,猪悟能和沙悟净都是唐僧的徒弟，猪悟能是师兄，沙悟净是师弟，两人关系紧密，共同西行取经。,7.0
唐三藏,金光寺,所在地点,唐三藏带领徒弟们取经的过程中，曾经到达金光寺。,6.5
孙悟空,金光寺,事件发生地,孙悟空在金光寺抓捕了偷宝的妖怪。,6.0
猪悟能,金光寺,事件发生地,猪悟能在金光寺抓捕了偷宝的妖怪。,5.5
沙悟净,金光寺,事件发生地,沙悟净在金光寺抓捕了偷宝的妖怪。,5.0
万圣龙王,乱石山碧波潭,居住地,万圣龙王居住在乱石山碧波潭。,7.0
九头驸马,乱石山碧波潭,居住地,九头驸马居住在乱石山碧波潭。,6.5
王母娘娘,灵霄殿,居住地,王母娘娘居住在灵霄殿。,6.0
唐三藏,祭赛国,经过地点,唐三藏带领徒弟们取经的过程中，曾经经过祭赛国。,5.5
孙悟空,祭赛国,事件发生地,孙悟空在祭赛国抓捕了偷宝的妖怪。,5.0
猪悟能,祭赛国,事件发生地,猪悟能在祭赛国抓捕了偷宝的妖怪。,4.5
沙悟净,祭赛国,事件发生地,沙悟净在祭赛国抓捕了偷宝的妖怪。,4.0
唐三藏,孙悟空,师徒关系,唐三藏是唐僧取经的领袖，孙悟空是他的大徒弟，他们之间存在着师徒关系。,8.5
唐三藏,猪八戒,师徒关系,唐三藏是唐僧取经的领袖，猪八戒是他的二徒弟，他们之间存在着师徒关系。,8.5
唐三藏,沙僧,师徒关系,唐三藏是唐僧取经的领袖，沙僧是他的三徒弟，他们之间存在着师徒关系。,8.5
孙悟空,如来佛祖,战斗关系,孙悟空曾与如来佛祖发生过战斗，这表明他们之间存在对抗关系。,7.0
孙悟空,黄眉大王,战斗关系,孙悟空曾与黄眉大王发生过战斗，这表明他们之间存在对抗关系。,7.0
玉帝,天庭,居所关系,玉帝是天庭的最高统治者，天庭是他的居所。,8.0
北方真武,南赡部洲武当山,居所关系,北方真武是荡魔天尊，南赡部洲武当山是他的居所。,8.0
黄眉大王,小雷音寺,居所关系,黄眉大王是妖王，小雷音寺是他的居所。,8.0
如来佛祖,灵山,居所关系,如来佛祖是佛教创始人之一，灵山是他的居所。,8.0
孙大圣,武当山,求救关系,孙大圣前往武当山，请求荡魔天尊的帮助，以应对取经路上的妖魔，因此他们之间存在求救关系。,7.0
太宗,魏征,君臣关系,太宗与魏征在便殿对弈，体现了君臣关系，且太宗对魏征的评价非常高，因此认为他们之间存在紧密的君臣关系。,8.5
孙大圣,小雷音寺,求助关系,孙大圣在小雷音寺遭遇妖魔，请求帮助，因此他们之间存在求助关系。,6.0
孙大圣,小西天,求助关系,孙大圣在小西天遭遇妖魔，请求帮助，因此他们之间存在求助关系。,6.0
孙大圣,盱眙山,求助关系,孙大圣在盱眙山寻求大圣国师王菩萨的帮助，因此他们之间存在求助关系。,7.0
孙大圣,极乐世界,求助关系,孙大圣在极乐世界请求弥勒佛的帮助，因此他们之间存在求助关系。,8.0
孙大圣,大圣禅寺,求助关系,孙大圣在大圣禅寺寻求小张太子和四大神将的帮助，因此他们之间存在求助关系。,7.0
太宗,祖师,信仰关系,太宗和祖师都是道教信仰者，且太宗对祖师有崇敬之情，因此他们之间存在信仰关系。,6.5
孙大圣,玉皇,求助关系,孙大圣曾请求玉皇大帝的帮助，因此他们之间存在求助关系。,6.5
孙大圣,元始天尊,求助关系,孙大圣曾请求元始天尊的帮助，因此他们之间存在求助关系。,6.5
孙大圣,弥勒佛,求助关系,孙大圣曾请求弥勒佛的帮助，因此他们之间存在求助关系。,8.0
孙大圣,黄眉大王,对抗关系,孙大圣与黄眉大王在取经路上是对立的，因此他们之间存在对抗关系。,7.0
孙大圣,小张太子,求助关系,孙大圣曾请求小张太子和四大神将的帮助，因此他们之间存在求助关系。,7.0
孙大圣,四大神将,求助关系,孙大圣曾请求四大神将的帮助，因此他们之间存在求助关系。,7.0
孙大圣,功曹,求助关系,孙大圣曾请求功曹的帮助，因此他们之间存在求助关系。,6.5
孙大圣,妖精,对抗关系,孙大圣在取经路上与各种妖精对抗，因此他们之间存在对抗关系。,7.0
孙大圣,妖王,对抗关系,孙大圣在取经路上与妖王对抗，因此他们之间存在对抗关系。,7.0
孙大圣,日值功曹,求助关系,孙大圣曾请求日值功曹的帮助，因此他们之间存在求助关系。,6.5
唐僧,孙行者,师徒关系,唐僧是东土大唐高僧，奉唐王旨意前往西天取经，孙行者是唐僧的大徒弟，因此他们之间存在师徒关系。,9.0
唐僧,八戒,师徒关系,唐僧是东土大唐高僧，奉唐王旨意前往西天取经，八戒是唐僧的二徒弟，因此他们之间存在师徒关系。,9.0
唐僧,沙僧,师徒关系,唐僧是东土大唐高僧，奉唐王旨意前往西天取经，沙僧是唐僧的三徒弟，因此他们之间存在师徒关系。,9.0
朱紫国王,唐僧,求助关系,朱紫国王久病多时，寻求良医，唐僧作为高僧，被朱紫国王视为有望治愈他的人，因此他们之间存在求助关系。,7.5
朱紫国王,孙行者,求助关系,朱紫国王久病多时，寻求良医，孙行者揭了招医的皇榜，因此朱紫国王寻求孙行者的帮助，他们之间存在求助关系。,8.0
朱紫国王,太医院官,医疗服务关系,朱紫国王生病，太医院官负责医疗服务，因此他们之间存在医疗服务关系。,7.0
朱紫国王,司礼监内臣,宫廷关系,朱紫国王是国王，司礼监内臣是宫廷内臣，他们之间存在宫廷关系。,6.5
朱紫国王,校尉,宫廷关系,朱紫国王是国王，校尉是宫廷卫队，他们之间存在宫廷关系。,6.5
朱紫国王,太监,宫廷关系,朱紫国王是国王，太监是宫廷内臣，他们之间存在宫廷关系。,6.5
朱紫国王,近侍宦官,宫廷关系,朱紫国王是国王，近侍宦官是宫廷内臣，他们之间存在宫廷关系。,6.5
唐王,唐僧,君臣关系,唐王是唐朝皇帝，唐僧是奉唐王旨意前往西天取经的高僧，因此他们之间存在君臣关系。,8.0
唐王,太宗,君臣关系,唐王是唐朝皇帝，太宗是唐王之前的皇帝，他们之间存在君臣关系。,7.0
唐王,魏征,君臣关系,唐王是唐朝皇帝，魏征是唐王时期的政治家、军事家、文学家，他们之间存在君臣关系。,7.0
崔判官,唐王,协助关系,崔判官是冥司判官，协助唐王治病，因此他们之间存在协助关系。,6.0
长安城,唐王,都城关系,长安城是唐朝的都城，唐王是唐朝皇帝，因此长安城是唐王的都城。,7.0
朱紫国,朱紫国王,国君关系,朱紫国是朱紫国王的国家，因此朱紫国王是朱紫国的国君。,8.0
会同馆,朱紫国王,机构关系,会同馆是朱紫国的一个机构，负责接待外宾，朱紫国王是该国的国王，因此他们之间存在机构关系。,6.0
五凤楼,朱紫国王,宫殿关系,五凤楼是朱紫国的一个宫殿，朱紫国王是该国的国王，因此他们之间存在宫殿关系。,6.0
披香殿,朱紫国王,宫殿关系,披香殿是朱紫国的一个宫殿，朱紫国王是该国的国王，因此他们之间存在宫殿关系。,6.0
鼓楼,朱紫国王,建筑关系,鼓楼是朱紫国的一个建筑，朱紫国王是该国的国王，因此他们之间存在建筑关系。,5.0
郑家杂货店,朱紫国王,商业关系,郑家杂货店是朱紫国的一家店铺，朱紫国王是该国的国王，因此他们之间存在商业关系。,5.0
街市,朱紫国王,商业关系,街市是朱紫国的一个商业区，朱紫国王是该国的国王，因此他们之间存在商业关系。,5.0
玉阶,朱紫国王,宫殿关系,玉阶是朱紫国王宫中的台阶，朱紫国王是该国的国王，因此他们之间存在宫殿关系。,5.0
金殿,朱紫国王,宫殿关系,金殿是朱紫国王宫中的宫殿，朱紫国王是该国的国王，因此他们之间存在宫殿关系。,5.0
端门外,朱紫国王,宫殿关系,端门外是朱紫国王宫的外门，朱紫国王是该国的国王，因此他们之间存在宫殿关系。,5.0
冥司,崔判官,行政区域关系,冥司是阴间的行政区域，崔判官是冥司判官，因此他们之间存在行政区域关系。,6.0
酆都城,崔判官,城市关系,酆都城是阴间的城市，崔判官是冥司判官，因此他们之间存在城市关系。,6.0
孙大圣,国王,医者与患者关系,孙大圣为国王治病，体现了医者与患者的关系，且孙大圣在治病过程中展现出高超的医术和医德，因此认为他们之间存在紧密的医患关系。,8.5
唐僧,国王,施医者与患者关系,唐僧作为施医者，为国王提供医疗帮助，体现了施医者与患者的关系，且唐僧在施医过程中展现出慈悲为怀的品质，因此认为他们之间存在紧密的施医者与患者关系。,8.0
唐僧,孙大圣,师徒关系,唐僧是孙大圣的师傅，体现了师徒关系，且在取经的过程中，唐僧对孙大圣有很高的期望和信任，因此认为他们之间存在紧密的师徒关系。,9.0
八戒,国王,施医者与患者关系,八戒在制药过程中为国王提供帮助，体现了施医者与患者的关系，且八戒在制药过程中展现出忠诚和善良的品质，因此认为他们之间存在紧密的施医者与患者关系。,7.5
沙僧,国王,施医者与患者关系,沙僧在制药过程中为国王提供帮助，体现了施医者与患者的关系，且沙僧在制药过程中展现出助人为乐的品质，因此认为他们之间存在紧密的施医者与患者关系。,7.0
国王,唐僧,施恩者与被施恩者关系,国王对唐僧及其徒弟们的到来表示欢迎，并给予了他们住宿和饮食的待遇，体现了施恩者与被施恩者的关系，且国王在治病过程中对唐僧等人表示感激，因此认为他们之间存在紧密的施恩者与被施恩者关系。,7.0
国王,太医官,雇主与雇员关系,国王是太医官的雇主，太医官为国王提供医疗服务，体现了雇主与雇员的关系，且太医官在治病过程中对国王表示忠诚，因此认为他们之间存在紧密的雇主与雇员关系。,7.0
国王,宦官,雇主与雇员关系,国王是宦官的雇主，宦官为国王提供宫廷服务，体现了雇主与雇员的关系，且宦官在治病过程中对国王表示忠诚，因此认为他们之间存在紧密的雇主与雇员关系。,6.5
国王,御花园,居所与地点关系,国王居住在皇宫，御花园是皇宫的一部分，体现了居所与地点的关系，且国王在御花园中度过了一些时光，因此认为他们之间存在紧密的居所与地点关系。,6.0
国王,寝宫,居所与地点关系,国王居住在皇宫，寝宫是皇宫的一部分，体现了居所与地点的关系，且国王在寝宫中度过了一些时光，因此认为他们之间存在紧密的居所与地点关系。,6.0
国王,金銮殿,居所与地点关系,国王居住在皇宫，金銮殿是皇宫的一部分，体现了居所与地点的关系，且国王在金銮殿中处理政务，因此认为他们之间存在紧密的居所与地点关系。,6.0
国王,东阁,宴会地点与地点关系,国王在东阁为唐僧等人安排宴会，体现了宴会地点与地点的关系，且国王在东阁中款待了唐僧等人，因此认为他们之间存在紧密的宴会地点与地点关系。,5.5
国王,麒麟山獬豸洞,敌人与地点关系,国王与居住在麒麟山獬豸洞的妖精赛太岁存在敌对关系，体现了敌人与地点的关系，且国王在文中提到了赛太岁所在的位置，因此认为他们之间存在紧密的敌人与地点关系。,5.0
国王,皇宫,居所与地点关系,国王居住在皇宫，皇宫是国王的居所，体现了居所与地点的关系，且国王在皇宫中处理政务和居住，因此认为他们之间存在紧密的居所与地点关系。,5.0
国王,龙宫,敌人与地点关系,国王与居住在龙宫的龙族存在一定的敌对关系，体现了敌人与地点的关系，且国王在文中提到了龙宫的位置，因此认为他们之间存在紧密的敌人与地点关系。,5.0
孙行者,金圣娘娘,救援关系,孙行者被派遣去朱紫国救援被妖怪赛太岁强夺的金圣娘娘，这体现了他们之间的救援关系。,8.5
孙行者,唐僧,师徒关系,孙行者为唐僧的大徒弟，两人之间是师徒关系，这体现了他们之间的紧密联系。,9.0
孙行者,朱紫国皇帝,救援关系,孙行者帮助朱紫国皇帝抵御妖怪赛太岁的侵略，这体现了他们之间的救援关系。,8.0
孙行者,赛太岁,对抗关系,孙行者和赛太岁是敌对关系，因为孙行者试图打败赛太岁以解救金圣娘娘。,8.0
唐僧,孙行者,师徒关系,唐僧是孙行者的师傅，两人之间是师徒关系，这体现了他们之间的紧密联系。,9.0
金圣娘娘,朱紫国皇帝,皇后关系,金圣娘娘是朱紫国的皇后，与朱紫国皇帝之间存在皇后关系。,7.5
金圣娘娘,赛太岁,被夺关系,金圣娘娘被赛太岁强夺，这体现了她与赛太岁之间的被夺关系。,7.0
朱紫国皇帝,金圣娘娘,夫妻关系,朱紫国皇帝是金圣娘娘的丈夫，两人之间存在夫妻关系。,7.5
赛太岁,麒麟山獬豸洞,居住地关系,赛太岁居住在麒麟山獬豸洞，这体现了他们之间的居住地关系。,6.5
孙行者,金铃,宝物关系,孙行者试图盗取赛太岁拥有的金铃，这体现了孙行者和金铃之间的宝物关系。,7.0
金圣娘娘,金串,心爱之物关系,金圣娘娘心爱之物是金串，这体现了金圣娘娘和金串之间的心爱之物关系。,7.0
太宗,魏征,君臣关系,太宗与魏征在便殿对弈，体现了君臣关系，且太宗对魏征的评价非常高，因此认为他们之间存在紧密的君臣关系。,8.5
行者,赛太岁,敌对关系,行者和赛太岁在小说《西游记》中是敌对关系，因为赛太岁是妖怪，而行者作为孙悟空的别称，是唐僧取经路上的护法神。,7.0
行者,金圣娘娘,救助关系,行者在小说《西游记》中帮助金圣娘娘逃离赛太岁的控制，因此存在救助关系。,6.5
行者,观音菩萨,合作关系,行者和观音菩萨在小说《西游记》中合作，共同对抗妖魔，因此存在合作关系。,7.0
孙悟空,赛太岁,敌对关系,孙悟空和赛太岁在小说《西游记》中是敌对关系，因为赛太岁是妖怪，而孙悟空是唐僧取经路上的护法神。,7.5
孙悟空,观音菩萨,合作关系,孙悟空和观音菩萨在小说《西游记》中合作，共同对抗妖魔，因此存在合作关系。,7.5
朱紫国王,金圣娘娘,夫妻关系,朱紫国王和金圣娘娘在小说《西游记》中是夫妻关系，因为金圣娘娘是朱紫国王的妻子。,8.0
唐僧,孙悟空,师徒关系,唐僧和孙悟空在小说《西游记》中是师徒关系，因为孙悟空是唐僧取经路上的徒弟。,8.0
唐僧,孙悟空,师徒关系,唐僧是唐僧师徒四人中的师父，孙悟空是唐僧的大徒弟，因此他们之间存在师徒关系。,8.0
唐僧,八戒,师徒关系,唐僧是唐僧师徒四人中的师父，八戒是唐僧的二徒弟，因此他们之间存在师徒关系。,8.0
唐僧,沙僧,师徒关系,唐僧是唐僧师徒四人中的师父，沙僧是唐僧的三徒弟，因此他们之间存在师徒关系。,8.0
孙悟空,八戒,同伴关系,孙悟空和八戒都是唐僧的徒弟，他们一同保护唐僧西天取经，因此他们之间存在同伴关系。,7.5
孙悟空,沙僧,同伴关系,孙悟空和沙僧都是唐僧的徒弟，他们一同保护唐僧西天取经，因此他们之间存在同伴关系。,7.5
道士,蜘蛛精,兄妹关系,文中提到道士与蜘蛛精结为兄妹，因此他们之间存在兄妹关系。,7.0
孙悟空,道士,敌对关系,孙悟空与道士在黄花观发生冲突，因此他们之间存在敌对关系。,6.5
孙悟空,蜘蛛精,敌对关系,孙悟空与蜘蛛精在盘丝洞发生冲突，因此他们之间存在敌对关系。,6.5
毗蓝婆菩萨,孙悟空,帮助关系,毗蓝婆菩萨帮助孙悟空破除道士的金光，因此他们之间存在帮助关系。,8.0
黎山老姆,孙悟空,指引关系,黎山老姆指引孙悟空前往紫云山，因此他们之间存在指引关系。,7.0
昴日星官,孙悟空,帮助关系,昴日星官帮助孙悟空炼成绣花针，因此他们之间存在帮助关系。,7.0
太宗,唐僧,君臣关系,太宗李世民是唐朝的第二位皇帝，唐僧作为唐代僧人，被太宗派遣去西天取经，因此他们之间存在君臣关系。,8.5
唐僧,悟空,师徒关系,唐僧是西天取经的主要人物，悟空是他的大徒弟，两者之间有明确的师徒关系。,9.0
唐僧,八戒,师徒关系,唐僧是西天取经的主要人物，八戒是他的二徒弟，两者之间有明确的师徒关系。,9.0
唐僧,沙僧,师徒关系,唐僧是西天取经的主要人物，沙僧是他的三徒弟，两者之间有明确的师徒关系。,9.0
悟空,八戒,兄弟关系,悟空和八戒都是唐僧的徒弟，两人之间有兄弟关系。,8.0
悟空,沙僧,兄弟关系,悟空和沙僧都是唐僧的徒弟，两人之间有兄弟关系。,8.0
悟空,小钻风,同伙关系,悟空在变成小钻风的过程中与小钻风有同伙关系，因为悟空需要小钻风的帮助来了解妖怪的情况。,7.5
唐僧,狮驼岭,目的地关系,唐僧师徒的目的地是西天取经，而狮驼岭是他们取经路上的一座山，两者之间存在目的地关系。,7.0
狮驼岭,狮驼洞,地点关系,狮驼岭是狮驼洞所在的地方，两者之间存在地点关系。,7.0
唐僧,狮驼洞,目的地关系,唐僧师徒的目的地是西天取经，而狮驼洞是他们的一个障碍，两者之间存在目的地关系。,7.0
唐僧,八百里狮驼岭,目的地关系,唐僧师徒的目的地是西天取经，而八百里狮驼岭是他们的一个障碍，两者之间存在目的地关系。,7.0
唐僧,狮驼国,目的地关系,唐僧师徒的目的地是西天取经，而狮驼国是他们的一个障碍，两者之间存在目的地关系。,7.0
唐僧,阴司,目的地关系,唐僧师徒的目的地是西天取经，而阴司是孙悟空梦中被勾去的地方，两者之间存在目的地关系。,7.0
唐僧,森罗殿,目的地关系,唐僧师徒的目的地是西天取经，而森罗殿是阴司中的宫殿，两者之间存在目的地关系。,7.0
唐僧,南天门,目的地关系,唐僧师徒的目的地是西天取经，而南天门是天宫的南门，两者之间存在目的地关系。,7.0
唐僧,王母娘娘的蟠桃大会,目的地关系,唐僧师徒的目的地是西天取经，而王母娘娘的蟠桃大会是与他们的取经目的无直接关系的事件，两者之间存在目的地关系。,7.0
唐僧,天宫,目的地关系,唐僧师徒的目的地是西天取经，而天宫是玉皇大帝的居所，两者之间存在目的地关系。,7.0
唐僧,灵出,目的地关系,唐僧师徒的目的地是西天取经，而灵出是与天宫相关的地方，两者之间存在目的地关系。,7.0
唐僧,四海龙宫,目的地关系,唐僧师徒的目的地是西天取经，而四海龙宫是四海龙王居住的地方，两者之间存在目的地关系。,7.0
唐僧,八洞仙府,目的地关系,唐僧师徒的目的地是西天取经，而八洞仙府是八洞仙人居住的地方，两者之间存在目的地关系。,7.0
唐僧,十地阎君的宫殿,目的地关系,唐僧师徒的目的地是西天取经，而十地阎君的宫殿是十地阎君居住的地方，两者之间存在目的地关系。,7.0
唐僧,社令城隍的庙宇,目的地关系,唐僧师徒的目的地是西天取经，而社令城隍的庙宇是社令城隍居住的地方，两者之间存在目的地关系。,7.0
唐僧,山背后,目的地关系,唐僧师徒的目的地是西天取经，而山背后是狮驼岭的山后面，两者之间存在目的地关系。,7.0
唐僧,大路,目的地关系,唐僧师徒的目的地是西天取经，而大路是通往西天取经的道路，两者之间存在目的地关系。,7.0
唐僧,山南,目的地关系,唐僧师徒的目的地是西天取经，而山南是狮驼岭的南部，两者之间存在目的地关系。,7.0
唐僧,山北,目的地关系,唐僧师徒的目的地是西天取经，而山北是狮驼岭的北部，两者之间存在目的地关系。,7.0
唐僧,东路口,目的地关系,唐僧师徒的目的地是西天取经，而东路口是狮驼岭的东入口，两者之间存在目的地关系。,7.0
唐僧,西路口,目的地关系,唐僧师徒的目的地是西天取经，而西路口是狮驼岭的西入口，两者之间存在目的地关系。,7.0
唐僧,南岭,目的地关系,唐僧师徒的目的地是西天取经，而南岭是狮驼岭的南面山岭，两者之间存在目的地关系。,7.0
唐僧,北岭,目的地关系,唐僧师徒的目的地是西天取经，而北岭是狮驼岭的北面山岭，两者之间存在目的地关系。,7.0
唐僧,笔峰,目的地关系,唐僧师徒的目的地是西天取经，而笔峰位于狮驼岭，两者之间存在目的地关系。,7.0
唐僧,石崖,目的地关系,唐僧师徒的目的地是西天取经，而石崖位于狮驼岭，两者之间存在目的地关系。,7.0
唐僧,深山,目的地关系,唐僧师徒的目的地是西天取经，而深山位于狮驼岭，两者之间存在目的地关系。,7.0
唐僧,西天,目的地关系,唐僧师徒的目的地是西天取经，西天是他们的目的地。,10.0
唐长老,大圣,师徒关系,唐长老是大圣的师傅，两人一同前往西天取经，因此他们之间存在紧密的师徒关系。,8.5
唐长老,八戒,师徒关系,唐长老是八戒的师傅，两人一同前往西天取经，因此他们之间存在紧密的师徒关系。,8.5
唐长老,沙僧,师徒关系,唐长老是沙僧的师傅，两人一同前往西天取经，因此他们之间存在紧密的师徒关系。,8.5
大圣,金箍棒,持有关系,大圣持有金箍棒，因此他们之间存在持有关系。,7.5
八戒,钉钯,持有关系,八戒持有钉耙，因此他们之间存在持有关系。,7.5
沙僧,宝杖,持有关系,沙僧持有宝杖，因此他们之间存在持有关系。,7.5
老魔,钢刀,持有关系,老魔持有钢刀，因此他们之间存在持有关系。,7.5
二魔,方天戟,持有关系,二魔持有方天戟，因此他们之间存在持有关系。,7.5
三魔,长枪,持有关系,三魔持有长枪，因此他们之间存在持有关系。,7.5
唐长老,锦襕袈裟,持有关系,唐长老穿着锦襕袈裟，因此他们之间存在持有关系。,7.5
金箍棒,孙悟空,归属关系,金箍棒是孙悟空的武器，因此它们之间存在归属关系。,7.5
钉钯,八戒,归属关系,钉耙是八戒的武器，因此它们之间存在归属关系。,7.5
宝杖,沙僧,归属关系,宝杖是沙僧的武器，因此它们之间存在归属关系。,7.5
钢刀,老魔,归属关系,钢刀是老魔的武器，因此它们之间存在归属关系。,7.5
方天戟,二魔,归属关系,方天戟是二魔的武器，因此它们之间存在归属关系。,7.5
长枪,三魔,归属关系,长枪是三魔的武器，因此它们之间存在归属关系。,7.5
铁笼,妖精,使用关系,妖精使用铁笼来蒸唐僧等人，因此它们之间存在使用关系。,7.5
锦襕袈裟,唐僧,穿戴关系,唐僧穿戴锦襕袈裟，因此他们之间存在穿戴关系。,7.5
金銮殿,狮驼国,地点关系,金銮殿是狮驼国的皇宫，因此它们之间存在地点关系。,7.5
狮驼山,狮驼国,地点关系,狮驼山是狮驼国所在的山，因此它们之间存在地点关系。,7.5
狮驼洞,狮驼国,地点关系,狮驼洞是狮驼国的洞府，因此它们之间存在地点关系。,7.5
狮驼城,狮驼国,地点关系,狮驼城是狮驼国的城市，因此它们之间存在地点关系。,7.5
五台山,佛教四大名山,地点关系,五台山是佛教四大名山之一，因此它们之间存在地点关系。,7.5
峨眉山,佛教四大名山,地点关系,峨眉山是佛教四大名山之一，因此它们之间存在地点关系。,7.5
灵山,佛教四大名山,地点关系,灵山是佛教四大名山之一，因此它们之间存在地点关系。,7.5
金霞岭,昆仑山,地点关系,金霞岭是昆仑山的一座山岭，因此它们之间存在地点关系。,7.5
锦香亭,狮驼国皇宫,地点关系,锦香亭是狮驼国皇宫中的一座亭子，因此它们之间存在地点关系。,7.5
金銮殿前,金銮殿,地点关系,金銮殿前是金銮殿前的广场，因此它们之间存在地点关系。,7.5
后宰门,狮驼国皇宫,地点关系,后宰门是狮驼国皇宫的后门，因此它们之间存在地点关系。,7.5
正阳门,狮驼国,地点关系,正阳门是狮驼国的城门，因此它们之间存在地点关系。,7.5
城东山上,狮驼城,地点关系,城东山上是狮驼城东的一座山，因此它们之间存在地点关系。,7.5
天竺,印度,地点关系,天竺是指印度，因此它们之间存在地点关系。,7.5
雪山顶上,喜马拉雅山脉,地点关系,雪山顶上是喜马拉雅山脉的雪山顶，因此它们之间存在地点关系。,7.5
"('太宗',)","('魏征',)","('君臣关系',)",太宗与魏征之间存在君臣关系，太宗作为皇帝，魏征作为其臣子，符合历史人物之间的关系。,8.5
"('孙大圣',)","('如来',)","('求助关系',)",孙悟空请如来收服众怪，体现了求助关系，孙悟空作为求助于人的一方，如来作为被求助的一方。,7.5
"('三藏师徒',)","('比丘国',)","('经过关系',)",三藏师徒在前往西天的路上经过比丘国，体现了经过关系，师徒四人作为经过者，比丘国作为经过的地方。,7.0
"('唐僧',)","('西天',)","('目的地关系',)",唐僧作为取经人，西天作为其目的地，体现了目的地关系。,8.0
"('孙悟空',)","('小子城',)","('告知关系',)",孙悟空在小子城告知唐僧关于鹅笼中儿童的秘密，体现了告知关系。,6.5
"('唐僧',)","('金亭馆驿',)","('休息关系',)",唐僧师徒在金亭馆驿休息，体现了休息关系。,6.0
"('孙悟空',)","('十洲、三岛',)","('采药关系',)",国丈曾前往十洲、三岛采药，体现了采药关系。,6.5
"('国丈',)","('玉阶前',)","('进入关系',)",国丈进入宫殿，体现了进入关系。,5.5
"('唐僧',)","('金銮殿',)","('呈文关系',)",唐僧向国王呈上关文，体现了呈文关系。,6.0
"('唐僧',)","('馆驿',)","('停留关系',)",唐僧师徒在馆驿停留，体现了停留关系。,5.5
"['唐僧', '行者']",['孙悟空'],师徒关系,唐僧和行者是师徒关系，因为行者是唐僧的大徒弟，他们一同前往西天取经，所以存在师徒关系。,9.0
"['唐僧', '八戒']",['猪八戒'],师徒关系,唐僧和八戒是师徒关系，因为八戒是唐僧的二徒弟，他们一同前往西天取经，所以存在师徒关系。,9.0
"['唐僧', '沙僧']",['沙悟净'],师徒关系,唐僧和沙僧是师徒关系，因为沙僧是唐僧的三徒弟，他们一同前往西天取经，所以存在师徒关系。,9.0
"['唐僧', '金蝉长老']",['唐僧'],前世关系,唐僧的前世是金蝉长老，因此他们之间存在前世关系。,8.0
"['唐僧', '观音']",信仰关系,唐僧信仰观音菩萨，观音菩萨在佛教中具有极高的地位，因此他们之间存在信仰关系。,7.5,
"['唐僧', '唐王']",君臣关系,唐僧是唐王派往西天取经的钦差大臣，因此他们之间存在君臣关系。,7.0,
"['唐僧四众', '唐僧']",团队关系,唐僧四众包括唐僧和他的三个徒弟，他们是一个团队，一同前往西天取经，因此存在团队关系。,8.0,
"['唐僧四众', '行者']",团队关系,唐僧四众包括行者，他们是一个团队，一同前往西天取经，因此存在团队关系。,8.0,
"['唐僧四众', '八戒']",团队关系,唐僧四众包括八戒，他们是一个团队，一同前往西天取经，因此存在团队关系。,8.0,
"['唐僧四众', '沙僧']",团队关系,唐僧四众包括沙僧，他们是一个团队，一同前往西天取经，因此存在团队关系。,8.0,
"['唐僧', '比丘国']",地点关系,唐僧和他的徒弟们曾经到达过比丘国，因此他们之间存在地点关系。,6.0,
"['唐僧', '唐王天地']",地点关系,唐僧从唐王天地出发，因此他们之间存在地点关系。,6.0,
"['唐僧', '巫山峰']",地点关系,唐僧和他的徒弟们曾经经过巫山峰，因此他们之间存在地点关系。,6.0,
"['唐僧', '东土']",地点关系,唐僧从东土出发，因此他们之间存在地点关系。,6.0,
"['唐僧', '西天']",地点关系,唐僧前往西天取经，因此他们之间存在地点关系。,6.0,
"['唐僧', '贫婆国']",地点关系,唐僧曾经路过贫婆国，因此他们之间存在地点关系。,6.0,
"['唐僧', '松林']",地点关系,唐僧和他的徒弟们曾经进入过松林，因此他们之间存在地点关系。,6.0,
"['唐僧', '镇海禅林寺']",地点关系,唐僧和他的徒弟们曾经借宿在镇海禅林寺，因此他们之间存在地点关系。,6.0,
国王,众卿,君臣关系,国王与众卿之间存在君臣关系，因为国王是国家的统治者，而众卿是国家的官员，他们需要向国王汇报工作。,8.0
太宗,魏征,君臣关系,太宗与魏征之间可能是君臣关系，因为魏征是唐朝政治家、军事家、文学家，而太宗是唐朝的皇帝，皇帝和官员之间存在君臣关系。,7.5
国王,朕,自称关系,国王使用'朕'来自称，表示皇帝的自称。,7.0
三藏,行者,师徒关系,三藏是唐僧，行者是孙悟空，他们是师徒关系，因为行者是唐僧的大徒弟。,8.5
三藏,八戒,师徒关系,三藏是唐僧，八戒是猪八戒，他们是师徒关系，因为八戒是唐僧的二徒弟。,8.5
三藏,沙僧,师徒关系,三藏是唐僧，沙僧是沙悟净，他们是师徒关系，因为沙僧是唐僧的三徒弟。,8.5
国王,光禄寺,管辖关系,国王是国家的统治者，光禄寺是负责宫廷膳食的官署，国王管辖光禄寺。,7.0
国王,宝方饭店,管辖关系,国王是国家的统治者，宝方饭店是位于国家内的饭店，国王管辖宝方饭店。,6.5
国王,五凤楼,管辖关系,国王是国家的统治者，五凤楼是宫殿建筑，国王管辖五凤楼。,7.0
国王,丹墀,管辖关系,国王是国家的统治者，丹墀是宫殿前的石阶，国王管辖丹墀。,6.5
国王,金銮宝殿,管辖关系,国王是国家的统治者，金銮宝殿是帝王的宫殿，国王管辖金銮宝殿。,7.0
国王,钦法国,国家关系,国王是钦法国的统治者，因此存在国家关系。,7.0
国王,东土大唐,国家关系,国王是东土大唐的统治者，因此存在国家关系。,7.0
国王,西方天竺国,国家关系,国王是东土大唐的统治者，而西方天竺国是外国，因此存在国家关系。,6.5
国王,大雷音寺,宗教关系,国王与印度佛教圣地大雷音寺之间存在宗教关系，因为国王愿意拜唐僧为师。,7.0
国王,高庄,国家关系,国王是东土大唐的统治者，高庄是唐朝的村庄，因此存在国家关系。,6.5
国王,狮驼岭,国家关系,国王是东土大唐的统治者，狮驼岭是唐朝的山岭，因此存在国家关系。,6.5
国王,狮驼洞,国家关系,国王是东土大唐的统治者，狮驼洞是唐朝的山洞，因此存在国家关系。,6.5
国王,本山,国家关系,国王是东土大唐的统治者，本山是妖精所在的山区，因此存在国家关系。,6.5
国王,后园,国家关系,国王是东土大唐的统治者，后园是妖精的住所的后花园，因此存在国家关系。,6.5
国王,枉死城,宗教关系,国王与阴间的地方枉死城之间存在宗教关系，因为国王愿意拜唐僧为师。,7.0
太宗,魏征,君臣关系,太宗与魏征在便殿对弈，体现了君臣关系，且太宗对魏征的评价非常高，因此认为他们之间存在紧密的君臣关系。,8.5
三藏,悟空,师徒关系,三藏是唐僧，孙悟空是他的大徒弟，他们共同前往天竺国取经，存在师徒关系。,8.0
三藏,八戒,师徒关系,三藏是唐僧，猪八戒是他的二徒弟，他们共同前往天竺国取经，存在师徒关系。,7.5
三藏,沙僧,师徒关系,三藏是唐僧，沙僧是他的三徒弟，他们共同前往天竺国取经，存在师徒关系。,7.0
郡侯,玉帝,神民关系,郡侯因冒犯天地导致干旱，玉帝是天庭之主，因此郡侯与玉帝之间存在神民关系。,6.5
悟空,玉帝,护法关系,悟空曾上天宫请求降雨，与玉帝之间存在护法关系。,7.0
悟空,天尊,求援关系,悟空曾请求九天应元府的天尊帮助降雨，与天尊之间存在求援关系。,6.5
悟空,龙王,降雨关系,悟空曾请求龙王降雨，与龙王之间存在降雨关系。,7.0
悟空,雷部,雷电关系,悟空曾请求雷部神将降雨，与雷部之间存在雷电关系。,6.5
悟空,云部,云彩关系,悟空曾请求云部神将降雨，与云部之间存在云彩关系。,6.5
悟空,风部,风的关系,悟空曾请求风部神将降雨，与风部之间存在风的关系。,6.5
悟空,邓辛张陶帅,求援关系,悟空曾请求邓辛张陶帅协助降雨，与邓辛张陶帅之间存在求援关系。,6.5
悟空,闪电娘子,求援关系,悟空曾请求闪电娘子协助降雨，与闪电娘子之间存在求援关系。,6.5
凤仙郡,天竺国,郡国关系,凤仙郡是天竺国的一个外郡，因此存在郡国关系。,7.0
天竺国,灵山大雷音寺,国寺关系,灵山大雷音寺位于天竺国，因此存在国寺关系。,6.5
披香殿,天宫,殿宫关系,披香殿是天宫的一座宫殿，因此存在殿宫关系。,7.0
九天应元府,天宫,府宫关系,九天应元府是天宫的一个地方，因此存在府宫关系。,6.5
灵霄殿,天宫,殿宫关系,灵霄殿是天宫的一座宫殿，因此存在殿宫关系。,7.0
通明殿,天宫,殿宫关系,通明殿是天宫的一座宫殿，因此存在殿宫关系。,7.0
凤仙郡郡侯府,凤仙郡,府郡关系,凤仙郡郡侯府位于凤仙郡，因此存在府郡关系。,6.5
天竺国界,天竺国,界国关系,天竺国界是天竺国的边界，因此存在界国关系。,6.5
西天门外,天宫,门外宫关系,西天门外是天庭西天门外的区域，因此存在门外宫关系。,6.5
九凤丹霞之扆,九天应元府,扆府关系,九凤丹霞之扆是九天应元府的宝座所在，因此存在扆府关系。,6.5
雷门,九天应元府,门府关系,雷门是九天应元府的雷部所在，因此存在门府关系。,6.5
凤仙郡界,凤仙郡,界郡关系,凤仙郡界是凤仙郡的边界，因此存在界郡关系。,6.5
郡里,凤仙郡,里郡关系,郡里是凤仙郡的城内，因此存在里郡关系。,6.5
甘霖普济寺,凤仙郡,寺郡关系,甘霖普济寺位于凤仙郡，因此存在寺郡关系。,6.5
新寺,凤仙郡,寺郡关系,新寺由郡侯修建，位于凤仙郡，因此存在寺郡关系。,6.5
唐僧,行者,师徒关系,唐僧是取经团队的核心人物，行者是唐僧的大徒弟，两人共同经历取经之路，因此他们之间存在紧密的师徒关系。,9.0
唐僧,八戒,师徒关系,唐僧是取经团队的核心人物，八戒是唐僧的二徒弟，两人共同经历取经之路，因此他们之间存在紧密的师徒关系。,8.5
唐僧,沙僧,师徒关系,唐僧是取经团队的核心人物，沙僧是唐僧的三徒弟，两人共同经历取经之路，因此他们之间存在紧密的师徒关系。,8.0
唐僧,玉华王,施主与僧人关系,唐僧是取经僧人，玉华王是天竺国的郡王，对唐僧表示敬重，因此他们之间存在施主与僧人的关系。,7.5
行者,玉华王,施主与僧人关系,行者是唐僧的大徒弟，也是取经僧人，玉华王对行者表示敬重，因此他们之间存在施主与僧人的关系。,7.0
八戒,玉华王,施主与僧人关系,八戒是唐僧的二徒弟，也是取经僧人，玉华王对八戒表示敬重，因此他们之间存在施主与僧人的关系。,6.5
沙僧,玉华王,施主与僧人关系,沙僧是唐僧的三徒弟，也是取经僧人，玉华王对沙僧表示敬重，因此他们之间存在施主与僧人的关系。,6.0
玉华王,妖精,宝藏觊觎者与守卫者关系,玉华王是天竺国的郡王，而妖精觊觎玉华王府的宝物，因此他们之间存在宝藏觊觎者与守卫者的关系。,5.5
大王子,行者,徒弟与师父关系,大王子是天竺国玉华王之子，他向行者拜师学艺，因此他们之间存在徒弟与师父的关系。,7.0
二王子,行者,徒弟与师父关系,二王子是天竺国玉华王之子，他向行者拜师学艺，因此他们之间存在徒弟与师父的关系。,6.5
三王子,行者,徒弟与师父关系,三王子是天竺国玉华王之子，他向行者拜师学艺，因此他们之间存在徒弟与师父的关系。,6.0
玉华王父,玉华王,父子关系,玉华王是天竺国的郡王，玉华王父是天竺国的皇帝之宗室，他们是父子关系。,7.5
玉华王母,玉华王,母子关系,玉华王是天竺国的郡王，玉华王母是天竺国的皇后之宗室，他们是母子关系。,7.0
孙大圣,黄狮精,敌对关系,孙大圣与黄狮精在战斗中相遇，双方展开激烈的战斗，因此他们之间存在敌对关系。,7.5
孙大圣,狻猊狮,敌对关系,孙大圣与狻猊狮在战斗中相遇，双方展开激烈的战斗，因此他们之间存在敌对关系。,7.0
孙大圣,抟象狮,敌对关系,孙大圣与抟象狮在战斗中相遇，双方展开激烈的战斗，因此他们之间存在敌对关系。,7.0
孙大圣,白泽狮,敌对关系,孙大圣与白泽狮在战斗中相遇，双方展开激烈的战斗，因此他们之间存在敌对关系。,7.0
孙大圣,伏狸狮,敌对关系,孙大圣与伏狸狮在战斗中相遇，双方展开激烈的战斗，因此他们之间存在敌对关系。,7.0
孙大圣,猱狮,敌对关系,孙大圣与猱狮在战斗中相遇，双方展开激烈的战斗，因此他们之间存在敌对关系。,7.0
孙大圣,雪狮,敌对关系,孙大圣与雪狮在战斗中相遇，双方展开激烈的战斗，因此他们之间存在敌对关系。,7.0
孙大圣,九头狮子,敌对关系,孙大圣与九头狮子在战斗中相遇，双方展开激烈的战斗，因此他们之间存在敌对关系。,8.0
孙大圣,青脸儿怪,敌对关系,孙大圣与青脸儿怪在战斗中相遇，双方展开激烈的战斗，因此他们之间存在敌对关系。,7.0
孙大圣,刁钻古怪儿,敌对关系,孙大圣与刁钻古怪儿在战斗中相遇，双方展开激烈的战斗，因此他们之间存在敌对关系。,7.0
孙大圣,古怪刁钻儿,敌对关系,孙大圣与古怪刁钻儿在战斗中相遇，双方展开激烈的战斗，因此他们之间存在敌对关系。,7.0
孙大圣,老王,友好关系,孙大圣帮助老王解救了被妖怪抓走的家人，因此他们之间存在友好关系。,8.0
孙大圣,大王子,友好关系,孙大圣帮助大王子解救了被妖怪抓走的家人，因此他们之间存在友好关系。,8.0
孙大圣,二王子,友好关系,孙大圣帮助二王子解救了被妖怪抓走的家人，因此他们之间存在友好关系。,8.0
孙大圣,三王子,友好关系,孙大圣帮助三王子解救了被妖怪抓走的家人，因此他们之间存在友好关系。,8.0
孙大圣,金毛狮怪,敌对关系,孙大圣与金毛狮怪在战斗中相遇，双方展开激烈的战斗，因此他们之间存在敌对关系。,7.5
孙大圣,太乙救苦天尊,求助关系,孙大圣请求太乙救苦天尊帮助他降服九头狮子，因此他们之间存在求助关系。,9.0
孙大圣,广目天王,协助关系,广目天王协助孙大圣降服九头狮子，因此他们之间存在协助关系。,8.0
孙大圣,天丁,协助关系,天丁协助孙大圣降服九头狮子，因此他们之间存在协助关系。,8.0
孙大圣,力士,协助关系,力士协助孙大圣降服九头狮子，因此他们之间存在协助关系。,8.0
孙大圣,揭谛,协助关系,揭谛协助孙大圣降服九头狮子，因此他们之间存在协助关系。,8.0
孙大圣,金甲,协助关系,金甲协助孙大圣降服九头狮子，因此他们之间存在协助关系。,8.0
孙大圣,土地,协助关系,土地协助孙大圣降服九头狮子，因此他们之间存在协助关系。,8.0
孙大圣,狮奴儿,求助关系,孙大圣请求狮奴儿帮助他找到九头狮子的主人，因此他们之间存在求助关系。,7.5
孙大圣,老妖,敌对关系,孙大圣与老妖在战斗中相遇，双方展开激烈的战斗，因此他们之间存在敌对关系。,8.0
孙大圣,众神,求助关系,孙大圣请求众神帮助他降服九头狮子，因此他们之间存在求助关系。,9.0
孙大圣,王父子,友好关系,孙大圣帮助王父子解救了被妖怪抓走的家人，因此他们之间存在友好关系。,8.0
孙大圣,唐僧,师徒关系,孙大圣是唐僧的徒弟，因此他们之间存在师徒关系。,9.5
孙大圣,小妖,敌对关系,孙大圣与小妖在战斗中相遇，双方展开激烈的战斗，因此他们之间存在敌对关系。,7.0
孙大圣,众军民,英雄关系,孙大圣帮助玉华州的民众解救了被妖怪抓走的家人，因此他们之间存在英雄关系。,9.0
孙大圣,匠作,友好关系,孙大圣帮助匠作完成了兵器的制造，因此他们之间存在友好关系。,8.0
孙大圣,王子们,友好关系,孙大圣帮助王子们解救了被妖怪抓走的家人，因此他们之间存在友好关系。,8.0
孙大圣,三藏,师徒关系,孙大圣是唐僧的徒弟，因此他们之间存在师徒关系。,9.5
孙大圣,八戒、沙僧,师兄弟关系,孙大圣与八戒、沙僧是师兄弟关系，因此他们之间存在师兄弟关系。,9.0
孙大圣,众神,求助关系,孙大圣请求众神帮助他降服九头狮子，因此他们之间存在求助关系。,9.0
孙大圣,三藏、八戒、沙僧,师徒关系,孙大圣是唐僧的徒弟，与八戒、沙僧是师兄弟关系，因此他们之间存在师徒关系。,9.5
孙大圣,王子们、匠作、众神、三藏、八戒、沙僧,团队关系,孙大圣与王子们、匠作、众神、三藏、八戒、沙僧共同组成了一支团队，因此他们之间存在团队关系。,9.5
唐僧,孙悟空,师徒关系,唐僧是前往天竺国取经的法师，孙悟空是他的大徒弟，两人一起经历了许多困难，因此他们之间存在紧密的师徒关系。,9.0
唐僧,猪八戒,师徒关系,唐僧是前往天竺国取经的法师，猪八戒是他的二徒弟，两人共同承担取经的重任，因此他们之间存在紧密的师徒关系。,9.0
唐僧,沙和尚,师徒关系,唐僧是前往天竺国取经的法师，沙和尚是他的三徒弟，他们一同保护唐僧并经历各种挑战，因此他们之间存在紧密的师徒关系。,9.0
唐僧,金平府,取经途经地,唐僧师徒在取经途中经过金平府，这里发生了许多故事，因此金平府与唐僧之间存在明显的关联。,7.5
唐僧,慈云寺,歇息地,唐僧师徒在取经途中曾在慈云寺歇息，因此慈云寺与唐僧之间存在密切的关联。,8.0
唐僧,旻天县,灯油供应地,旻天县提供金灯油，唐僧师徒在金平府观赏金灯时需要用到这些灯油，因此旻天县与唐僧之间存在明显的关联。,7.0
唐僧,青龙山,妖精藏身地,唐僧在青龙山遭遇了妖精，这是他们取经途中的一个重要事件，因此青龙山与唐僧之间存在密切的关联。,8.0
唐僧,玄英洞,妖精居住地,唐僧在玄英洞中遭遇了妖精，这是他们取经途中的一个关键事件，因此玄英洞与唐僧之间存在明显的关联。,8.0
唐僧,金灯桥,观赏地点,唐僧师徒在金灯桥上观赏了金灯，这是他们取经途中的一个重要经历，因此金灯桥与唐僧之间存在密切的关联。,7.5
唐僧,长安洪福寺,曾经任职地,唐僧曾经任职于长安洪福寺，这是他出家和成为僧官的地方，因此长安洪福寺与唐僧之间存在明显的关联。,6.5
唐僧,金山寺,出家地,唐僧在金山寺出家成为僧人，这是他修行的起点，因此金山寺与唐僧之间存在密切的关联。,7.0
孙大圣,唐僧,师徒关系,孙大圣是唐僧的大徒弟，他们一起取经，共同面对困难，体现了师徒关系。,9.0
唐僧,孙大圣,师父与徒弟关系,唐僧是孙大圣的师父，两人之间有深厚的师徒情谊，共同经历取经的艰辛。,9.0
孙大圣,八戒,师兄弟关系,孙大圣和八戒是唐僧的徒弟，他们之间是师兄弟关系，共同保护师父。,8.5
唐僧,八戒,师父与徒弟关系,八戒是唐僧的徒弟，两人之间有深厚的师徒情谊，共同面对困难。,8.5
孙大圣,沙僧,师兄弟关系,孙大圣和沙僧是唐僧的徒弟，他们之间是师兄弟关系，共同保护师父。,8.5
唐僧,沙僧,师父与徒弟关系,沙僧是唐僧的徒弟，两人之间有深厚的师徒情谊，共同面对困难。,8.5
太宗,魏征,君臣关系,太宗是唐朝的皇帝，魏征是他的臣子，他们之间有君臣关系。,8.0
魏征,太宗,臣子与君主关系,魏征是太宗的臣子，他们之间存在臣子与君主的关系。,8.0
辟寒大王,唐僧,敌对关系,辟寒大王是青龙山玄英洞中的妖王，与唐僧是敌对关系。,7.0
辟暑大王,唐僧,敌对关系,辟暑大王是青龙山玄英洞中的妖王，与唐僧是敌对关系。,7.0
辟尘大王,唐僧,敌对关系,辟尘大王是青龙山玄英洞中的妖王，与唐僧是敌对关系。,7.0
太白金星,孙大圣,协助关系,太白金星是天宫中的仙人，协助孙大圣降妖伏魔。,7.0
增长天王,孙大圣,协助关系,增长天王是天宫中的天王之一，协助孙大圣降妖伏魔。,7.0
殷、朱、陶、许四大灵官,孙大圣,协助关系,殷、朱、陶、许四大灵官是天宫中的灵官，协助孙大圣降妖伏魔。,7.0
玉帝,孙大圣,请求协助关系,孙大圣请求玉帝协助降妖伏魔。,6.5
许天师,孙大圣,请求协助关系,孙大圣请求许天师协助降妖伏魔。,6.5
角木蛟,孙大圣,协助关系,角木蛟是二十八宿之一，协助孙大圣降妖伏魔。,7.0
斗木獬,孙大圣,协助关系,斗木獬是二十八宿之一，协助孙大圣降妖伏魔。,7.0
奎木狼,孙大圣,协助关系,奎木狼是二十八宿之一，协助孙大圣降妖伏魔。,7.0
井木犴,孙大圣,协助关系,井木犴是二十八宿之一，协助孙大圣降妖伏魔。,7.0
敖顺,孙大圣,协助关系,敖顺是西海龙王，协助孙大圣降妖伏魔。,7.0
摩昂,孙大圣,协助关系,摩昂是敖顺的儿子，协助孙大圣降妖伏魔。,7.0
金平府刺史,孙大圣,请求协助关系,孙大圣请求金平府刺史协助降妖伏魔。,6.5
长老,孙大圣,请求协助关系,孙大圣请求长老协助降妖伏魔。,6.5
车驾,孙大圣,请求协助关系,孙大圣请求车驾协助降妖伏魔。,6.5
犀牛精,孙大圣,敌对关系,犀牛精是青龙山玄英洞中的妖魔，与孙大圣是敌对关系。,7.0
牛精,孙大圣,敌对关系,牛精是犀牛精的手下，与孙大圣是敌对关系。,6.5
龟鳖鼋鼍,孙大圣,协助关系,龟鳖鼋鼍是西海中的海兽，协助孙大圣降妖伏魔。,7.0
虾兵蟹卒,孙大圣,协助关系,虾兵蟹卒是西海中的虾兵蟹将，协助孙大圣降妖伏魔。,7.0
慈云寺僧,孙大圣,请求协助关系,孙大圣请求慈云寺僧协助降妖伏魔。,6.5
乡官,孙大圣,请求协助关系,孙大圣请求乡官协助降妖伏魔。,6.5
大户人家,孙大圣,请求协助关系,孙大圣请求大户人家协助降妖伏魔。,6.5
唐僧,国王,求助关系,唐僧作为取经团队的主要人物，需要国王作为赞助者支持他们的取经之路，国王也向唐僧寻求帮助来解决问题，因此他们之间存在求助关系。,7.0
唐僧,皇后,友好关系,唐僧与皇后之间表现出友好关系，皇后对唐僧师徒友好，并给予他们帮助。,6.5
唐僧,公主,求助关系,唐僧在旅途中需要公主的帮助，而公主也需要唐僧师徒的保护，因此他们之间存在求助关系。,7.0
唐僧,长老,师徒关系,唐僧是长老（师傅）的徒弟，他们之间存在明确的师徒关系。,8.0
唐僧,行者,师徒关系,唐僧是行者的师傅，他们之间存在明确的师徒关系。,8.0
唐僧,八戒,师徒关系,唐僧是八戒的师傅，他们之间存在明确的师徒关系。,8.0
唐僧,沙僧,师徒关系,唐僧是沙僧的师傅，他们之间存在明确的师徒关系。,8.0
唐僧,玉兔,对抗关系,唐僧与玉兔是敌对关系，因为玉兔是假扮公主的妖精，而唐僧是取经团队的一员，他们的目标是对抗妖精。,7.0
唐僧,素娥,求助关系,唐僧在旅途中需要素娥的帮助，素娥作为真公主，是唐僧取经任务的一部分。,7.0
唐僧,太阴星君,求助关系,唐僧在对抗玉兔的过程中需要太阴星君的帮助，太阴星君是玉兔的主人，因此他们之间存在求助关系。,7.0
唐僧,嫦娥,求助关系,唐僧在对抗玉兔的过程中需要嫦娥的帮助，嫦娥是太阴星君的助手，因此他们之间存在求助关系。,7.0
唐僧,多官,求助关系,唐僧在旅途中需要多官的帮助，多官是国王的臣子，他们的目标是保护唐僧师徒。,6.5
唐僧,老僧,求助关系,唐僧在布金寺需要老僧的帮助，老僧曾照顾过被风吹来的公主。,6.5
国王,皇后,夫妻关系,国王和皇后是夫妻关系，他们之间存在家庭关系。,8.0
国王,公主,父子关系,国王和公主是父子关系，他们之间存在家庭关系。,8.0
国王,长老,求助关系,国王在处理公主被妖精假扮的问题时，需要长老的智慧和建议，因此他们之间存在求助关系。,7.0
国王,行者,求助关系,国王在处理公主被妖精假扮的问题时，需要行者的力量和智慧，因此他们之间存在求助关系。,7.0
国王,玉兔,对抗关系,国王和玉兔是敌对关系，因为玉兔假扮公主欺骗国王。,7.0
国王,素娥,父子关系,国王和素娥是父子关系，因为素娥转世成为公主。,8.0
国王,太阴星君,求助关系,国王在处理公主被妖精假扮的问题时，需要太阴星君的帮助，因为太阴星君是玉兔的主人。,7.0
国王,嫦娥,求助关系,国王在处理公主被妖精假扮的问题时，需要嫦娥的帮助，因为嫦娥是太阴星君的助手。,7.0
国王,多官,求助关系,国王在处理公主被妖精假扮的问题时，需要多官的帮助，因为多官是国王的臣子。,7.0
国王,老僧,求助关系,国王在处理公主被妖精假扮的问题时，需要老僧的帮助，因为老僧曾照顾过被风吹来的公主。,7.0
皇后,公主,母子关系,皇后和公主是母子关系，他们之间存在家庭关系。,8.0
皇后,玉兔,对抗关系,皇后和玉兔是敌对关系，因为玉兔假扮公主欺骗皇后。,7.0
皇后,素娥,母子关系,皇后和素娥是母子关系，因为素娥转世成为公主。,8.0
皇后,太阴星君,求助关系,皇后在处理公主被妖精假扮的问题时，需要太阴星君的帮助，因为太阴星君是玉兔的主人。,7.0
皇后,嫦娥,求助关系,皇后在处理公主被妖精假扮的问题时，需要嫦娥的帮助，因为嫦娥是太阴星君的助手。,7.0
皇后,多官,求助关系,皇后在处理公主被妖精假扮的问题时，需要多官的帮助，因为多官是国王的臣子。,7.0
皇后,老僧,求助关系,皇后在处理公主被妖精假扮的问题时，需要老僧的帮助，因为老僧曾照顾过被风吹来的公主。,7.0
公主,玉兔,假扮关系,公主和玉兔之间存在假扮关系，因为玉兔假扮成公主。,7.0
公主,素娥,转世关系,公主和素娥之间存在转世关系，因为素娥转世成为公主。,8.0
公主,太阴星君,求助关系,公主在对抗玉兔的过程中需要太阴星君的帮助，因为太阴星君是玉兔的主人。,7.0
公主,嫦娥,求助关系,公主在对抗玉兔的过程中需要嫦娥的帮助，因为嫦娥是太阴星君的助手。,7.0
公主,多官,求助关系,公主在对抗玉兔的过程中需要多官的帮助，因为多官是国王的臣子。,7.0
公主,老僧,求助关系,公主在对抗玉兔的过程中需要老僧的帮助，因为老僧曾照顾过被风吹来的公主。,7.0
玉兔,素娥,主仆关系,玉兔和素娥之间存在主仆关系，因为素娥是玉兔的主人。,8.0
玉兔,太阴星君,对抗关系,玉兔和太阴星君是敌对关系，因为太阴星君是玉兔的主人，而玉兔私自走出广寒宫。,7.0
玉兔,嫦娥,对抗关系,玉兔和嫦娥是敌对关系，因为嫦娥是太阴星君的助手，而玉兔与太阴星君对抗。,7.0
玉兔,多官,对抗关系,玉兔和多官是敌对关系，因为玉兔假扮公主欺骗多官。,7.0
玉兔,老僧,对抗关系,玉兔和老僧是敌对关系，因为玉兔假扮公主欺骗老僧。,7.0
素娥,太阴星君,求助关系,素娥在对抗玉兔的过程中需要太阴星君的帮助，因为太阴星君是玉兔的主人。,7.0
素娥,嫦娥,求助关系,素娥在对抗玉兔的过程中需要嫦娥的帮助，因为嫦娥是太阴星君的助手。,7.0
素娥,多官,求助关系,素娥在对抗玉兔的过程中需要多官的帮助，因为多官是国王的臣子。,7.0
素娥,老僧,求助关系,素娥在对抗玉兔的过程中需要老僧的帮助，因为老僧曾照顾过被风吹来的公主。,7.0
太阴星君,嫦娥,助手关系,太阴星君和嫦娥之间存在助手关系，因为嫦娥是太阴星君的助手。,8.0
太阴星君,多官,求助关系,太阴星君在处理玉兔的问题时需要多官的帮助，因为多官是国王的臣子。,7.0
太阴星君,老僧,求助关系,太阴星君在处理玉兔的问题时需要老僧的帮助，因为老僧曾照顾过被风吹来的公主。,7.0
嫦娥,多官,求助关系,嫦娥在处理玉兔的问题时需要多官的帮助，因为多官是国王的臣子。,7.0
嫦娥,老僧,求助关系,嫦娥在处理玉兔的问题时需要老僧的帮助，因为老僧曾照顾过被风吹来的公主。,7.0
多官,老僧,求助关系,多官在处理公主被妖精假扮的问题时需要老僧的帮助，因为老僧曾照顾过被风吹来的公主。,7.0
行者,玉兔,对抗关系,行者和玉兔是敌对关系，因为行者是唐僧取经团队的护法，而玉兔是妖精。,7.0
行者,素娥,求助关系,行者在对抗玉兔的过程中需要素娥的帮助，素娥是真公主。,7.0
行者,太阴星君,求助关系,行者在对抗玉兔的过程中需要太阴星君的帮助，因为太阴星君是玉兔的主人。,7.0
行者,嫦娥,求助关系,行者在对抗玉兔的过程中需要嫦娥的帮助，因为嫦娥是太阴星君的助手。,7.0
行者,多官,求助关系,行者在对抗玉兔的过程中需要多官的帮助，因为多官是国王的臣子。,7.0
行者,老僧,求助关系,行者在对抗玉兔的过程中需要老僧的帮助，因为老僧曾照顾过被风吹来的公主。,7.0
行者,孙大圣,自称关系,行者是孙悟空的别称，因此他们之间存在自称关系。,10.0
行者,金箍棒,持有关系,行者和金箍棒之间存在持有关系，因为金箍棒是行者的武器。,8.0
行者,捣药杵,对抗关系,行者和捣药杵之间存在对抗关系，因为捣药杵是玉兔的武器，而行者和玉兔是敌对关系。,7.0
行者,布金寺,地点关系,行者和布金寺之间存在地点关系，因为行者曾在布金寺求得宿。,7.0
行者,天竺国,地点关系,行者和天竺国之间存在地点关系，因为故事发生的主要地点是天竺国。,7.0
行者,御花园,地点关系,行者和御花园之间存在地点关系，因为玉兔曾在御花园假扮公主。,7.0
行者,毛颖山,地点关系,行者和毛颖山之间存在地点关系，因为妖精在毛颖山躲避。,7.0
行者,西天门,地点关系,行者和西天门之间存在地点关系，因为行者在西天门前追击妖精。,7.0
行者,广寒宫,地点关系,行者和广寒宫之间存在地点关系，因为玉兔是广寒宫的玉兔。,7.0
行者,蟾宫,地点关系,行者和蟾宫之间存在地点关系，因为素娥是蟾宫的仙子。,7.0
行者,天竺国界,地点关系,行者和天竺国界之间存在地点关系，因为行者在追击妖精的过程中经过天竺国界。,7.0
行者,百脚山,地点关系,行者和百脚山之间存在地点关系，因为行者将百脚山改为宝华山。,7.0
行者,宝华山,地点关系,行者和宝华山之间存在地点关系，因为宝华山是由百脚山改名的山。,7.0
行者,华夷楼上,地点关系,行者和华夷楼上之间存在地点关系，因为唐僧师徒在华夷楼上受到供奉。,7.0
行者,三市六街,地点关系,行者和三市六街之间存在地点关系，因为故事发生的天竺国有商业区三市六街。,7.0
行者,布金旧园,地点关系,行者和布金旧园之间存在地点关系，因为公主被风吹至此处。,7.0
孙大圣,金箍棒,持有关系,孙大圣（孙悟空）和金箍棒之间存在持有关系，因为金箍棒是孙大圣的武器。,8.0
孙大圣,捣药杵,对抗关系,孙大圣（孙悟空）和捣药杵之间存在对抗关系，因为捣药杵是玉兔的武器，而孙大圣和玉兔是敌对关系。,7.0
孙大圣,布金寺,地点关系,孙大圣（孙悟空）和布金寺之间存在地点关系，因为孙大圣曾在布金寺求得宿。,7.0
孙大圣,天竺国,地点关系,孙大圣（孙悟空）和天竺国之间存在地点关系，因为故事发生的主要地点是天竺国。,7.0
孙大圣,御花园,地点关系,孙大圣（孙悟空）和御花园之间存在地点关系，因为玉兔曾在御花园假扮公主。,7.0
孙大圣,毛颖山,地点关系,孙大圣（孙悟空）和毛颖山之间存在地点关系，因为妖精在毛颖山躲避。,7.0
孙大圣,西天门,地点关系,孙大圣（孙悟空）和西天门之间存在地点关系，因为孙大圣在西天门前追击妖精。,7.0
孙大圣,广寒宫,地点关系,孙大圣（孙悟空）和广寒宫之间存在地点关系，因为玉兔是广寒宫的玉兔。,7.0
孙大圣,蟾宫,地点关系,孙大圣（孙悟空）和蟾宫之间存在地点关系，因为素娥是蟾宫的仙子。,7.0
孙大圣,天竺国界,地点关系,孙大圣（孙悟空）和天竺国界之间存在地点关系，因为孙大圣在追击妖精的过程中经过天竺国界。,7.0
孙大圣,百脚山,地点关系,孙大圣（孙悟空）和百脚山之间存在地点关系，因为孙大圣将百脚山改为宝华山。,7.0
孙大圣,宝华山,地点关系,孙大圣（孙悟空）和宝华山之间存在地点关系，因为宝华山是由百脚山改名的山。,7.0
孙大圣,华夷楼上,地点关系,孙大圣（孙悟空）和华夷楼上之间存在地点关系，因为唐僧师徒在华夷楼上受到供奉。,7.0
孙大圣,三市六街,地点关系,孙大圣（孙悟空）和三市六街之间存在地点关系，因为故事发生的天竺国有商业区三市六街。,7.0
孙大圣,布金旧园,地点关系,孙大圣（孙悟空）和布金旧园之间存在地点关系，因为公主被风吹至此处。,7.0
唐僧,太宗,师徒关系,唐僧作为前往西天取经的领袖，太宗作为唐朝的皇帝，对唐僧的行动表示支持，体现了师徒关系。,7.5
唐僧,魏征,历史关系,唐僧和魏征虽然不是直接相关，但都出现在唐朝的历史背景下，可以视为历史关系。,5.0
唐僧,寇员外,求助关系,唐僧在取经途中遇到困难，向寇员外求助，寇员外提供了帮助，体现了求助关系。,6.0
唐僧,猪八戒,师徒关系,猪八戒是唐僧的徒弟，他们共同前往西天取经，体现了师徒关系。,7.0
唐僧,沙和尚,师徒关系,沙和尚是唐僧的徒弟，他们共同前往西天取经，体现了师徒关系。,7.0
唐僧,孙行者,师徒关系,孙行者是唐僧的徒弟，他们共同前往西天取经，体现了师徒关系。,7.0
太宗,魏征,君臣关系,太宗作为皇帝，魏征作为政治家，他们之间存在君臣关系。,8.0
寇员外,寇洪,父子关系,寇员外是寇洪的儿子，他们之间存在父子关系。,8.0
寇员外,寇梁,父子关系,寇员外是寇梁的父亲，他们之间存在父子关系。,8.0
寇员外,寇栋,父子关系,寇员外是寇栋的父亲，他们之间存在父子关系。,8.0
刺史,地灵县,行政关系,刺史是铜台府的官员，地灵县是其下辖的一个县，他们之间存在行政关系。,7.0
铜台府,地灵县,行政关系,铜台府是唐朝的一个行政区域，地灵县是其下辖的一个县，它们之间存在行政关系。,7.0
华光行院,唐僧,暂住关系,唐僧和师徒们在华光行院暂住，体现了暂住关系。,6.0
山凹,强盗,藏匿关系,强盗在山凹中藏匿，体现了藏匿关系。,5.0
幽冥地界,寇洪,阴间关系,寇洪死后到了幽冥地界，体现了阴间关系。,6.0
翠云宫,地藏王菩萨,信仰关系,地藏王菩萨在翠云宫，唐僧师徒对其表示信仰，体现了信仰关系。,5.0
森罗殿,阎君,审判关系,阎君在森罗殿审判生死，唐僧师徒到森罗殿寻求帮助，体现了审判关系。,6.0
枉死城,冤魂,冤魂居住地,枉死城是冤魂居住的地方，唐僧师徒到枉死城寻求帮助，体现了冤魂居住地关系。,5.0
奈河桥,鬼魂,鬼魂过桥地,奈河桥是鬼魂过桥的地方，唐僧师徒到奈河桥寻求帮助，体现了鬼魂过桥地关系。,5.0
灵山,佛祖,圣地关系,灵山是佛教圣地，佛祖所在之地，唐僧师徒前往灵山取经，体现了圣地关系。,7.0
太宗,唐僧,信仰关系,太宗作为唐朝皇帝，对佛教有着深厚的信仰，而唐僧是前往西天取经的僧人，因此太宗和唐僧之间存在信仰关系。,7.0
太宗,魏征,君臣关系,太宗是唐朝皇帝，魏征是唐朝政治家，他们之间存在君臣关系。,6.5
唐僧,悟空,师徒关系,唐僧是孙悟空的师傅，两者之间存在师徒关系。,8.0
唐僧,八戒,师徒关系,唐僧是猪八戒的师傅，两者之间存在师徒关系。,8.0
唐僧,沙僧,师徒关系,唐僧是沙悟净的师傅，两者之间存在师徒关系。,8.0
唐僧,灵山,取经目的地关系,唐僧师徒前往灵山取经，因此灵山是他们的取经目的地。,7.5
唐僧,雷音寺,取经目的地关系,唐僧师徒在雷音寺取经，因此雷音寺是他们的取经目的地。,7.5
唐僧,凌云渡,取经过程中经过地点关系,唐僧师徒在取经过程中经过凌云渡，因此凌云渡是他们取经过程中经过的地点。,7.0
唐僧,宝阁,取经目的地关系,唐僧师徒在宝阁取经，因此宝阁是他们的取经目的地。,7.5
唐僧,珍楼,取经目的地关系,唐僧师徒在珍楼取经，因此珍楼是他们的取经目的地。,7.5
唐僧,大雄宝殿,取经目的地关系,唐僧师徒在大雄宝殿取经，因此大雄宝殿是他们的取经目的地。,7.5
唐僧,南赡部洲,取经出发地关系,唐僧师徒从南赡部洲出发取经，因此南赡部洲是他们的取经出发地。,7.0
唐僧,舍卫国,取经过程中经过地点关系,唐僧师徒在取经过程中经过舍卫国，因此舍卫国是他们取经过程中经过的地点。,7.0
唐僧,观音菩萨,佛教信仰关系,唐僧信仰佛教，观音菩萨是佛教中的重要菩萨，因此唐僧和观音菩萨之间存在佛教信仰关系。,7.5
唐僧,如来佛祖,佛教信仰关系,唐僧信仰佛教，如来佛祖是佛教的最高神祇，因此唐僧和如来佛祖之间存在佛教信仰关系。,8.0
唐僧,阿傩,传经关系,阿傩是佛教中的罗汉，曾与伽叶一同传经给唐僧，因此唐僧和阿傩之间存在传经关系。,7.0
唐僧,伽叶,传经关系,伽叶是佛教中的罗汉，曾与阿傩一同传经给唐僧，因此唐僧和伽叶之间存在传经关系。,7.0
唐僧,白雄尊者,护法关系,白雄尊者是佛教中的护法神，曾奉如来佛祖之命追赶唐僧，因此唐僧和白雄尊者之间存在护法关系。,6.5
悟空,灵山,取经目的地关系,悟空作为唐僧的大徒弟，跟随唐僧前往灵山取经，因此灵山是他们的取经目的地。,7.0
悟空,雷音寺,取经目的地关系,悟空作为唐僧的大徒弟，跟随唐僧在雷音寺取经，因此雷音寺是他们的取经目的地。,7.0
悟空,宝阁,取经目的地关系,悟空作为唐僧的大徒弟，跟随唐僧在宝阁取经，因此宝阁是他们的取经目的地。,7.0
悟空,珍楼,取经目的地关系,悟空作为唐僧的大徒弟，跟随唐僧在珍楼取经，因此珍楼是他们的取经目的地。,7.0
悟空,大雄宝殿,取经目的地关系,悟空作为唐僧的大徒弟，跟随唐僧在大雄宝殿取经，因此大雄宝殿是他们的取经目的地。,7.0
悟空,南赡部洲,取经出发地关系,悟空作为唐僧的大徒弟，跟随唐僧从南赡部洲出发取经，因此南赡部洲是他们的取经出发地。,7.0
悟空,舍卫国,取经过程中经过地点关系,悟空作为唐僧的大徒弟，跟随唐僧在取经过程中经过舍卫国，因此舍卫国是他们取经过程中经过的地点。,7.0
八戒,灵山,取经目的地关系,八戒作为唐僧的二徒弟，跟随唐僧前往灵山取经，因此灵山是他们的取经目的地。,7.0
八戒,雷音寺,取经目的地关系,八戒作为唐僧的二徒弟，跟随唐僧在雷音寺取经，因此雷音寺是他们的取经目的地。,7.0
八戒,宝阁,取经目的地关系,八戒作为唐僧的二徒弟，跟随唐僧在宝阁取经，因此宝阁是他们的取经目的地。,7.0
八戒,珍楼,取经目的地关系,八戒作为唐僧的二徒弟，跟随唐僧在珍楼取经，因此珍楼是他们的取经目的地。,7.0
八戒,大雄宝殿,取经目的地关系,八戒作为唐僧的二徒弟，跟随唐僧在大雄宝殿取经，因此大雄宝殿是他们的取经目的地。,7.0
八戒,南赡部洲,取经出发地关系,八戒作为唐僧的二徒弟，跟随唐僧从南赡部洲出发取经，因此南赡部洲是他们的取经出发地。,7.0
八戒,舍卫国,取经过程中经过地点关系,八戒作为唐僧的二徒弟，跟随唐僧在取经过程中经过舍卫国，因此舍卫国是他们取经过程中经过的地点。,7.0
沙僧,灵山,取经目的地关系,沙僧作为唐僧的三徒弟，跟随唐僧前往灵山取经，因此灵山是他们的取经目的地。,7.0
沙僧,雷音寺,取经目的地关系,沙僧作为唐僧的三徒弟，跟随唐僧在雷音寺取经，因此雷音寺是他们的取经目的地。,7.0
沙僧,宝阁,取经目的地关系,沙僧作为唐僧的三徒弟，跟随唐僧在宝阁取经，因此宝阁是他们的取经目的地。,7.0
沙僧,珍楼,取经目的地关系,沙僧作为唐僧的三徒弟，跟随唐僧在珍楼取经，因此珍楼是他们的取经目的地。,7.0
沙僧,大雄宝殿,取经目的地关系,沙僧作为唐僧的三徒弟，跟随唐僧在大雄宝殿取经，因此大雄宝殿是他们的取经目的地。,7.0
沙僧,南赡部洲,取经出发地关系,沙僧作为唐僧的三徒弟，跟随唐僧从南赡部洲出发取经，因此南赡部洲是他们的取经出发地。,7.0
沙僧,舍卫国,取经过程中经过地点关系,沙僧作为唐僧的三徒弟，跟随唐僧在取经过程中经过舍卫国，因此舍卫国是他们取经过程中经过的地点。,7.0
唐僧,观音菩萨,护法关系,观音菩萨是佛教四大菩萨之一，具有极高智慧与神通，她曾暗中保护唐僧取经，体现了护法关系。,8.5
唐僧四众,孙悟空,师徒关系,孙悟空是唐僧的大徒弟，拥有七十二变和筋斗云的神通，他们之间是师徒关系。,8.0
唐僧四众,猪八戒,师徒关系,猪八戒是唐僧的二徒弟，原为天蓬元帅，因犯错被贬下凡，他们之间是师徒关系。,8.0
唐僧四众,沙僧,师徒关系,沙僧是唐僧的三徒弟，原为卷帘大将，因犯错被贬下凡，他们之间是师徒关系。,8.0
唐僧,白鼋,救助关系,白鼋是通天河中的神龟，曾帮助唐僧过河，体现了救助关系。,7.5
唐僧四众,阴魔,对抗关系,阴魔试图夺取唐僧经书，与唐僧四众之间存在对抗关系。,7.0
唐僧,陈澄,受助关系,陈澄是陈家庄的居民，曾邀请唐僧到家中休息，体现了受助关系。,6.5
唐僧,陈清,受助关系,陈清是陈澄的儿子，陈家庄的居民，曾邀请唐僧到家中休息，体现了受助关系。,6.5
唐僧,唐王,赞助关系,唐王是唐朝的皇帝，唐僧取经的赞助者，体现了赞助关系。,6.0
唐僧,揭谛,保护关系,揭谛是佛教护法神，曾保护唐僧取经，体现了保护关系。,6.0
唐僧,灵吉菩萨,帮助关系,灵吉菩萨是佛教四大菩萨之一，曾帮助唐僧，体现了帮助关系。,6.0
唐僧,金身罗汉,遭遇关系,金身罗汉曾出现在唐僧取经的故事中，与唐僧存在遭遇关系。,5.5
唐僧,无底洞妖精,遭遇关系,无底洞妖精是唐僧取经过程中遇到的一个妖怪，与唐僧存在遭遇关系。,5.5
唐僧,陈家庄,经过关系,陈家庄是唐僧取经过程中经过的一个地点，与唐僧存在经过关系。,5.0
唐僧,通天河,经过关系,通天河是唐僧取经过程中经过的一条河流，与唐僧存在经过关系。,5.0
唐僧,西梁国,经过关系,西梁国是唐僧取经过程中经过的一个国家，与唐僧存在经过关系。,5.0
唐僧,金銮殿,经过关系,金銮殿是唐僧取经过程中经过的一个宫殿，与唐僧存在经过关系。,5.0
唐僧,平顶山,经过关系,平顶山是唐僧取经过程中经过的一座山，与唐僧存在经过关系。,5.0
唐僧,莲花洞,经过关系,莲花洞是唐僧取经过程中遇到的一个洞穴，与唐僧存在经过关系。,5.0
唐僧,乌鸡国,经过关系,乌鸡国是唐僧取经过程中经过的一个国家，与唐僧存在经过关系。,5.0
唐僧,黑松林,经过关系,黑松林是唐僧取经过程中经过的一片森林，与唐僧存在经过关系。,5.0
唐僧,宝象国,经过关系,宝象国是唐僧取经过程中经过的一个国家，与唐僧存在经过关系。,5.0
唐僧,小雷音寺,经过关系,小雷音寺是唐僧取经过程中经过的一个寺庙，与唐僧存在经过关系。,5.0
唐僧,灵山,目的地关系,灵山是佛教圣地，唐僧取经的目的地，体现了目的地关系。,6.5
唐僧,晒经石,经过关系,晒经石是唐僧取经过程中晒经的地方，与唐僧存在经过关系。,5.0
唐僧,陈家庄救生寺,经过关系,陈家庄救生寺是陈家庄的寺庙，唐僧取经过程中曾经过，与唐僧存在经过关系。,5.0
"['太白金星', '美猴王']",请上天,使者关系,太白金星是玉帝派来的使者，奉旨请美猴王上天，两人因此产生使者关系。,7.0
"['美猴王', '增长天王']",阻挡,对抗关系,增长天王率领天丁天将阻挡美猴王上天，两者因此产生对抗关系。,6.5
"['美猴王', '玉帝']",封官,君臣关系,玉帝封美猴王为弼马温，两人因此产生君臣关系。,7.5
"['美猴王', '李天王']",收伏,敌对关系,李天王领兵下界收伏美猴王，两者因此产生敌对关系。,6.0
"['美猴王', '哪吒三太子']",对抗,敌对关系,哪吒三太子奉旨捉拿美猴王，两者因此产生敌对关系。,6.0
"['孙悟空', '武曲星君']",推荐,推荐关系,武曲星君推荐孙悟空担任弼马温，两人因此产生推荐关系。,6.5
"['孙悟空', '木德星君']",送任,送任关系,木德星君送孙悟空去御马监任职，两人因此产生送任关系。,6.0
"['孙悟空', '鬼王']",献袍,赠袍关系,鬼王向孙悟空献上赭黄袍，两人因此产生赠袍关系。,6.0
"['孙悟空', '牛魔王']",兄弟,兄弟关系,孙悟空与牛魔王是兄弟关系，两人因此产生兄弟关系。,8.0
"['孙悟空', '蛟魔王']",兄弟,兄弟关系,孙悟空与蛟魔王是兄弟关系，两人因此产生兄弟关系。,8.0
"['孙悟空', '鹏魔王']",兄弟,兄弟关系,孙悟空与鹏魔王是兄弟关系，两人因此产生兄弟关系。,8.0
"['孙悟空', '狮犭它王']",兄弟,兄弟关系,孙悟空与狮犭它王是兄弟关系，两人因此产生兄弟关系。,8.0
"['孙悟空', '猕猴王']",兄弟,兄弟关系,孙悟空与猕猴王是兄弟关系，两人因此产生兄弟关系。,8.0
"['孙悟空', '犭狨王']",兄弟,兄弟关系,孙悟空与犭狨王是兄弟关系，两人因此产生兄弟关系。,8.0
太白金星,美猴王,合作关系,太白金星与美猴王一同驾云而起，并引导美猴王至灵霄殿，展现了两者之间的合作关系。,8.0
玉帝,孙悟空,任命关系,玉帝任命孙悟空为弼马温，后来又封他为齐天大圣，显示了玉帝对孙悟空的任命关系。,8.5
孙悟空,玉帝,任命关系,孙悟空被玉帝任命为弼马温，后来又封他为齐天大圣，反映了玉帝对孙悟空的任命。,8.5
孙悟空,巨灵神,敌对关系,孙悟空与巨灵神在天宫外发生战斗，孙悟空打败了巨灵神，表明了两者之间的敌对关系。,7.5
孙悟空,哪吒三太子,敌对关系,孙悟空与哪吒三太子在天宫外发生战斗，孙悟空打败了哪吒三太子，显示了两者之间的敌对关系。,7.5
孙悟空,李天王,敌对关系,孙悟空与李天王在花果山外发生战斗，孙悟空打败了李天王，反映了两者之间的敌对关系。,7.5
孙悟空,天宫,从属关系,孙悟空被玉帝封为弼马温，后来又封为齐天大圣，显示了孙悟空与天宫之间的从属关系。,8.0
孙悟空,花果山,归属关系,孙悟空是花果山的猴王，他与花果山之间存在着归属关系。,8.0
孙悟空,齐天大圣,自我认同,孙悟空自称齐天大圣，显示了他对这一称号的自我认同。,8.5
孙悟空,御马监,工作关系,孙悟空在御马监担任弼马温，他与御马监之间存在着工作关系。,7.5
齐天大圣,玉帝,反叛关系,齐天大圣孙悟空多次挑战玉帝的权威，试图夺取天宫的统治权。,9.5
齐天大圣,太上老君,对抗关系,太上老君将齐天大圣孙悟空放入八卦炉中煅烧，意图消灭他。,8.5
齐天大圣,二郎真君,对抗关系,二郎真君与齐天大圣孙悟空在花果山展开激战，最终将孙悟空擒获。,8.0
齐天大圣,王灵官,对抗关系,王灵官在灵霄殿前与齐天大圣孙悟空激战，双方不相上下。,7.5
齐天大圣,如来,对抗关系,如来佛祖与齐天大圣孙悟空打赌，孙悟空失败后被如来压在五行山下。,9.0
玉帝,太上老君,君臣关系,玉帝是天宫的最高统治者，太上老君是天宫的重要仙人，服从玉帝的命令。,8.0
玉帝,二郎真君,君臣关系,二郎真君是玉帝的得力将领，服从玉帝的命令。,7.5
玉帝,王灵官,君臣关系,王灵官是玉帝的将领之一，服从玉帝的命令。,7.0
玉帝,如来,求助关系,玉帝请求如来佛祖降服齐天大圣孙悟空，维护天宫的秩序。,8.5
太上老君,兜率宫,居所关系,太上老君居住在兜率宫。,9.0
如来,灵山,居所关系,如来佛祖居住在灵山。,9.5
齐天大圣,五行山,被压关系,齐天大圣孙悟空被如来佛祖压在五行山下。,9.0
齐天大圣,灵霄殿,对抗关系,齐天大圣孙悟空大闹灵霄殿，挑战玉帝的权威。,8.5
齐天大圣,天宫,对抗关系,齐天大圣孙悟空大闹天宫，试图夺取天宫的统治权。,9.0
王母娘娘,蟠桃园,居所关系,王母娘娘居住在蟠桃园。,8.5
王母娘娘,瑶池,居所关系,王母娘娘居住在瑶池。,8.0
王母娘娘,天宫,居所关系,王母娘娘是天宫的居民之一。,7.5
寿星,灵霄殿,拜访关系,寿星到灵霄殿感谢如来佛祖降服妖猴。,7.0
赤脚大仙,灵霄殿,拜访关系,赤脚大仙到灵霄殿感谢如来佛祖降服妖猴。,7.0
陈光蕊,张氏,母子关系,陈光蕊是张氏的儿子，根据文本中陈光蕊对张氏的称呼和称呼内容，可以确定他们之间存在母子关系。,9.5
陈光蕊,温娇,夫妻关系,陈光蕊和温娇在文本中被称为夫妻，且温娇是陈光蕊的妻子，这是直接从文本中得出的。,9.5
陈光蕊,玄奘,父子关系,玄奘是陈光蕊的儿子，根据文本中玄奘对陈光蕊的称呼和称呼内容，可以确定他们之间存在父子关系。,9.5
温娇,殷开山,父女关系,温娇是殷开山的女儿，根据文本中殷开山对温娇的称呼和称呼内容，可以确定他们之间存在父女关系。,9.5
玄奘,法明,师徒关系,玄奘是法明的徒弟，根据文本中法明对玄奘的称呼和称呼内容，可以确定他们之间存在师徒关系。,9.5
陈光蕊,刘洪,仇敌关系,陈光蕊和刘洪之间存在仇敌关系，因为刘洪谋害了陈光蕊。,9.0
玄奘,刘洪,仇敌关系,玄奘和刘洪之间存在仇敌关系，因为刘洪谋害了玄奘的父亲。,9.0
张氏,刘小二,房东与租客关系,张氏曾在刘小二的店里居住，因此他们之间存在房东与租客的关系。,8.0
殷开山,太宗,君臣关系,殷开山是太宗时期的丞相，因此他们之间存在君臣关系。,8.5
太宗,唐王皇城,君王与宫殿关系,太宗是唐朝皇帝，唐王皇城是唐朝皇帝居住和处理朝政的地方，因此他们之间存在君王与宫殿的关系。,8.5
殷开山,唐王皇城,官员与宫殿关系,殷开山是唐朝官员，唐王皇城是唐朝皇帝居住和处理朝政的地方，因此他们之间存在官员与宫殿的关系。,8.0
玄奘,洪福寺,僧人与寺庙关系,玄奘在洪福寺内修行，因此他们之间存在僧人与寺庙的关系。,8.0
陈光蕊,洪江渡口,人物与地点关系,陈光蕊在洪江渡口被刘洪打死后沉尸，因此他们之间存在人物与地点的关系。,8.0
玄奘,金山寺,僧人与寺庙关系,玄奘是金山寺法明长老的徒弟，因此他们之间存在僧人与寺庙的关系。,8.0
温娇,金山寺,人物与地点关系,温娇曾到金山寺还愿，因此他们之间存在人物与地点的关系。,7.5
玄奘,万花店,人物与地点关系,玄奘曾到万花店寻找他的祖母张氏，因此他们之间存在人物与地点的关系。,7.5
张氏,南门头破瓦窑,人物与地点关系,张氏后来居住在南门头破瓦窑，因此他们之间存在人物与地点的关系。,7.5
太宗,魏征,君臣关系,太宗与魏征在便殿对弈，体现了君臣关系，且太宗对魏征的评价非常高，因此认为他们之间存在紧密的君臣关系。,8.5
太宗,长安,统治关系,太宗是唐朝的皇帝，长安是唐朝的都城，太宗统治长安，因此认为太宗与长安之间存在统治关系。,9.0
太宗,唐王,同一个人,太宗是唐太宗李世民的简称，唐王指的是李世民，因此认为太宗与唐王是同一个人。,10.0
魏征,唐王,臣属关系,魏征是唐王驾下的丞相，为唐王服务，因此认为魏征与唐王之间存在臣属关系。,8.5
张稍,李定,朋友关系,张稍和李定是长安城外的两个贤人，他们一起喝酒、吟诗，互相讨论生活，因此认为他们之间存在朋友关系。,7.5
袁守诚,龙王,占卜关系,袁守诚是占卜先生，龙王向他请教占卜事宜，因此认为袁守诚与龙王之间存在占卜关系。,7.0
龙王,魏征,被斩关系,龙王犯了天条，被指派到魏征处斩，因此认为龙王与魏征之间存在被斩关系。,7.5
龙王,唐王,求助关系,龙王向唐王求助，希望唐王能救他，因此认为龙王与唐王之间存在求助关系。,7.0
唐王,魏征,信任关系,唐王信任魏征，将龙王的事情告诉魏征，并留下魏征对弈，因此认为唐王与魏征之间存在信任关系。,8.0
唐王,太宗,同一个人,唐王是唐太宗李世民的简称，太宗指的是李世民，因此认为唐王与太宗是同一个人。,10.0
太宗,袁守诚,信任关系,太宗信任袁守诚的占卜能力，因此认为太宗与袁守诚之间存在信任关系。,7.0
太宗,龙王,救难关系,太宗答应救龙王，因此认为太宗与龙王之间存在救难关系。,7.0
太宗,房玄龄,君臣关系,房玄龄是太宗的文官，为太宗服务，因此认为太宗与房玄龄之间存在君臣关系。,7.5
太宗,杜如晦,君臣关系,杜如晦是太宗的文官，为太宗服务，因此认为太宗与杜如晦之间存在君臣关系。,7.5
太宗,徐世勣,君臣关系,徐世勣是太宗的文官，为太宗服务，因此认为太宗与徐世勣之间存在君臣关系。,7.5
太宗,许敬宗,君臣关系,许敬宗是太宗的文官，为太宗服务，因此认为太宗与许敬宗之间存在君臣关系。,7.5
太宗,王珪,君臣关系,王珪是太宗的文官，为太宗服务，因此认为太宗与王珪之间存在君臣关系。,7.5
太宗,马三宝,君臣关系,马三宝是太宗的武官，为太宗服务，因此认为太宗与马三宝之间存在君臣关系。,7.5
太宗,段志贤,君臣关系,段志贤是太宗的武官，为太宗服务，因此认为太宗与段志贤之间存在君臣关系。,7.5
太宗,殷开山,君臣关系,殷开山是太宗的武官，为太宗服务，因此认为太宗与殷开山之间存在君臣关系。,7.5
太宗,程咬金,君臣关系,程咬金是太宗的武官，为太宗服务，因此认为太宗与程咬金之间存在君臣关系。,7.5
太宗,刘洪纪,君臣关系,刘洪纪是太宗的武官，为太宗服务，因此认为太宗与刘洪纪之间存在君臣关系。,7.5
太宗,胡敬德,君臣关系,胡敬德是太宗的武官，为太宗服务，因此认为太宗与胡敬德之间存在君臣关系。,7.5
太宗,秦叔宝,君臣关系,秦叔宝是太宗的武官，为太宗服务，因此认为太宗与秦叔宝之间存在君臣关系。,7.5
